Date,PX_LAST,PX_VOLUME,HISTORICAL_MARKET_CAP,PE_RATIO,REL_PE_RATIO,T12M_DIL_PE_CONT_OPS,PX_TO_BOOK_RATIO,PROF_MARGIN,TRAIL_12M_PROF_MARGIN,RETURN_ON_ASSET,TOT_DEBT_TO_TOT_EQY,NET_DEBT_TO_SHRHLDR_EQTY,CUR_RATIO,DVD_PAYOUT_RATIO,DVD_PAYOUT_RATIO_NORMALIZED_EARN,IS_DILUTED_EPS,IS_EPS,BOOK_VAL_PER_SH,EQY_DPS,TRAIL_12M_DVD_PER_SH,TRAIL_12M_EPS,ASSET_TURNOVER,RETENTION_RATIO,CURR_ENTP_VAL,EBITDA,NET_DEBT_TO_EBITDA,TRAIL_12M_EBITDA,PX_TO_EBITDA,EBITDA_EV_YIELD,EARN_YLD_HIST,EBIT_YIELD,NET_OPER_PROFIT_AFTER_TAX,NET_INCOME,IS_TOTAL_EXPENDITURES,INVENT_TURN,ARD_TOTAL_SHARE_CAPITAL,QUICK_RATIO,DEBT_TO_MKT_CAP,MOV_AVG_50D,MOV_AVG_20D,MOV_AVG_100D,MOV_AVG_30D,VOLATILITY_20D,VOLATILITY_60D,VOLATILITY_90D,RSI_30D,RSI_14D,CASH_RATIO,PX_TO_SALES_RATIO,PX_OPEN
1/31/2007,309.13,27468788,37402.9754,84.7409,3.9877,96.2666,19.6723,11.6126,11.6126,7.7562,187.1003,161.3229,2.3498,9.5997,9.5997,3.2111,3.6479,15.7137,0.35,0.35,3.6479,0.6679,90.4003,80543.3122,1459.109,4.3463,1459.109,50.2809,3.3203,1.1801,1.6721,988.6403,879.76,#N/A N/A,2.7567,437.486,1.5304,0.0994,101.9329,177.9537,#N/A N/A,154.0892,39.24,53.84,62.226,80.269,85.5385,0.3211,9.684,304
2/28/2007,267.63,10980926,37402.9754,73.3644,3.7343,83.3429,17.0313,11.6126,11.6126,7.7562,187.1003,161.3229,2.3498,9.5997,9.5997,3.2111,3.6479,15.7137,0.35,0.35,3.6479,0.6679,90.4003,70798.3037,1459.109,4.3463,1459.109,43.5307,3.3203,1.3631,1.9314,988.6403,879.76,#N/A N/A,2.7567,437.486,1.5304,0.1145,107.0467,184.6225,#N/A N/A,161.4854,67.359,57.936,57.174,73.2081,71.1743,0.3211,8.384,310
3/30/2007,305.63,23723440,73385.5185,23.5311,1.2539,26.4406,10.6919,24.7744,24.7744,18.8194,136.4735,121.5427,1.5437,3.0962,3.0962,11.5589,12.9881,28.5847,0.4,0.4,12.9881,0.7596,96.9038,81727.7793,4283.076,1.9477,4283.076,16.9911,5.2407,4.2497,5.3047,3339.0333,3100.6,#N/A N/A,2.1415,240.116,0.9407,0.1276,112.9293,192.1787,#N/A N/A,169.0121,66.028,59.602,57.761,75.2688,75.2695,0.1431,5.8148,273.43
4/30/2007,329.77,24175040,73385.5185,25.3905,1.2742,28.5299,11.5368,24.7744,24.7744,18.8194,136.4735,121.5427,1.5437,3.0962,3.0962,11.5589,12.9881,28.5847,0.4,0.4,12.9881,0.7596,96.9038,87559.9625,4283.076,1.9477,4283.076,18.3337,5.2407,3.9385,4.9163,3339.0333,3100.6,#N/A N/A,2.1415,240.116,0.9407,0.1182,119.2947,201.7013,#N/A N/A,177.4812,33.949,59.26,54.163,76.4592,77.461,0.1431,6.2743,297.5
5/31/2007,351.8,21543988,73385.5185,27.0862,1.2965,30.4353,12.3073,24.7744,24.7744,18.8194,136.4735,121.5427,1.5437,3.0962,3.0962,11.5589,12.9881,28.5847,0.4,0.4,12.9881,0.7596,96.9038,93201.7027,4283.076,1.9477,4283.076,19.5582,5.2407,3.6919,4.6085,3339.0333,3100.6,#N/A N/A,2.1415,240.116,0.9407,0.1104,126.1194,211.365,#N/A N/A,186.3383,39.791,44.586,53.98,77.4818,79.2656,0.1431,6.6933,334.98
6/29/2007,328.55,15293638,73385.5185,25.2962,1.3532,28.4239,11.4939,24.7744,24.7744,18.8194,136.4735,121.5427,1.5437,3.0962,3.0962,11.5589,12.9881,28.5847,0.4,0.4,12.9881,0.7596,96.9038,87886.6554,4283.076,1.9477,4283.076,18.2656,5.2407,3.9532,4.9346,3339.0333,3100.6,#N/A N/A,2.1415,240.116,0.9407,0.1178,132.4604,220.8188,#N/A N/A,193.2533,23.882,32.249,48.564,73.9728,72.6527,0.1431,6.251,356.7
7/31/2007,343.75,11043800,73385.5185,26.4665,1.3301,29.7389,12.0257,24.7744,24.7744,18.8194,136.4735,121.5427,1.5437,3.0962,3.0962,11.5589,12.9881,28.5847,0.4,0.4,12.9881,0.7596,96.9038,91570.538,4283.076,1.9477,4283.076,19.1107,5.2407,3.7784,4.7164,3339.0333,3100.6,#N/A N/A,2.1415,240.116,0.9407,0.1125,139.0816,230.42,#N/A N/A,200.5187,26.657,30.101,33.028,74.7463,74.1699,0.1431,6.5402,332.2
8/31/2007,343.88,8573566,73385.5185,26.4761,1.3488,29.7497,12.03,24.7744,24.7744,18.8194,136.4735,121.5427,1.5437,3.0962,3.0962,11.5589,12.9881,28.5847,0.4,0.4,12.9881,0.7596,96.9038,92198.6592,4283.076,1.9477,4283.076,19.1176,5.2407,3.777,4.7147,3339.0333,3100.6,#N/A N/A,2.1415,240.116,0.9407,0.1117,145.6613,239.775,#N/A N/A,207.555,38.057,30.272,33.371,74.7527,74.1826,0.1431,6.5425,342.25
9/28/2007,422.45,11688080,73385.5185,32.5258,1.5707,36.5475,14.7789,24.7744,24.7744,18.8194,136.4735,121.5427,1.5437,3.0962,3.0962,11.5589,12.9881,28.5847,0.4,0.4,12.9881,0.7596,96.9038,111377.8194,4283.076,1.9477,4283.076,23.4859,5.2407,3.0745,3.8378,3339.0333,3100.6,#N/A N/A,2.1415,240.116,0.9407,0.0909,153.7993,253.2925,#N/A N/A,216.9175,37.667,34.661,33.449,78.3166,80.6241,0.1431,8.0375,345.5
10/31/2007,491.7,20317667,73385.5185,37.8576,1.6068,42.5385,17.2015,24.7744,24.7744,18.8194,136.4735,121.5427,1.5437,3.0962,3.0962,11.5589,12.9881,28.5847,0.4,0.4,12.9881,0.7596,96.9038,128352.9601,4283.076,1.9477,4283.076,27.3359,5.2407,2.6415,3.2973,3339.0333,3100.6,#N/A N/A,2.1415,240.116,0.9407,0.0781,163.267,270.105,#N/A N/A,228.945,54.681,43.173,38.845,80.789,84.3339,0.1431,9.3551,416
11/30/2007,455.25,10452176,73385.5185,35.0512,1.4987,39.3851,15.9264,24.7744,24.7744,18.8194,136.4735,121.5427,1.5437,3.0962,3.0962,11.5589,12.9881,28.5847,0.4,0.4,12.9881,0.7596,96.9038,119474.7133,4283.076,1.9477,4283.076,25.3095,5.2407,2.853,3.5613,3339.0333,3100.6,#N/A N/A,2.1415,240.116,0.9407,0.0843,171.9805,284.9912,#N/A N/A,239.9825,40.547,44.512,41.896,76.0664,76.0772,0.1431,8.6616,490
12/31/2007,596,13175380,73385.5185,45.888,2.0791,51.5619,20.8503,24.7744,24.7744,18.8194,136.4735,121.5427,1.5437,3.0962,3.0962,11.5589,12.9881,28.5847,0.4,0.4,12.9881,0.7596,96.9038,154897.7176,4283.076,1.9477,4283.076,33.1344,5.2407,2.1792,2.7202,3339.0333,3100.6,#N/A N/A,2.1415,240.116,0.9407,0.0639,183.4668,306.6475,#N/A N/A,255.3742,46.656,48.315,43.997,80.5972,82.9989,0.1431,11.3395,448
1/31/2008,493.2,10999118,73385.5185,37.9731,1.9796,42.6683,17.254,24.7744,24.7744,18.8194,136.4735,121.5427,1.5437,3.0962,3.0962,11.5589,12.9881,28.5847,0.4,0.4,12.9881,0.7596,96.9038,130853.6407,4283.076,1.9477,4283.076,27.4193,5.2407,2.6334,3.2872,3339.0333,3100.6,#N/A N/A,2.1415,240.116,0.9407,0.0765,192.9145,323.1762,#N/A N/A,266.6642,93.833,65.29,60.09,70.5117,67.6118,0.1431,9.3836,590
2/29/2008,485.4,8047462,73385.5185,37.3726,1.9504,41.9935,16.9811,24.7744,24.7744,18.8194,136.4735,121.5427,1.5437,3.0962,3.0962,11.5589,12.9881,28.5847,0.4,0.4,12.9881,0.7596,96.9038,129000.0891,4283.076,1.9477,4283.076,26.9856,5.2407,2.6758,3.3401,3339.0333,3100.6,#N/A N/A,2.1415,240.116,0.9407,0.0776,201.9078,339.905,#N/A N/A,278.2,41.832,65.013,59.09,69.8259,66.6029,0.1431,9.2352,491
3/31/2008,489,6312648,121626.8927,18.923,1.1394,19.5899,8.013,31.4619,31.4619,25.9634,65.2211,55.1745,1.5526,2.7137,2.7137,24.9618,25.8415,61.026,0.7,0.7,25.8415,0.8252,97.2863,130003.5473,8071.639,1.0386,8071.639,14.8196,6.2078,5.2846,6.1486,6560.4667,6321.327,#N/A N/A,2.016,248.726,0.9023,0.0815,210.934,356.7387,#N/A N/A,289.2158,58.747,66.628,61.011,69.9653,66.8488,0.1435,5.9535,480
4/30/2008,671.25,12333918,121626.8927,25.9756,1.4155,26.8911,10.9994,31.4619,31.4619,25.9634,65.2211,55.1745,1.5526,2.7137,2.7137,24.9618,25.8415,61.026,0.7,0.7,25.8415,0.8252,97.2863,175326.2178,8071.639,1.0386,8071.639,20.3429,6.2078,3.8498,4.4792,6560.4667,6321.327,#N/A N/A,2.016,248.726,0.9023,0.0594,223.6083,381.6762,#N/A N/A,306.9417,45.057,50.474,60.726,75.8191,76.3442,0.1435,8.1724,499.95
5/30/2008,659.25,9046697,121626.8927,25.5113,1.465,26.4104,10.8028,31.4619,31.4619,25.9634,65.2211,55.1745,1.5526,2.7137,2.7137,24.9618,25.8415,61.026,0.7,0.7,25.8415,0.8252,97.2863,172342.0219,8071.639,1.0386,8071.639,19.9792,6.2078,3.9198,4.5607,6560.4667,6321.327,#N/A N/A,2.016,248.726,0.9023,0.0604,236.0723,406.7788,124.8945,323.8592,48.648,52.549,61.553,74.8258,74.8245,0.1435,8.0263,675
6/30/2008,636.7,11197161,121626.8927,24.6386,1.7228,25.507,10.4333,31.4619,31.4619,25.9634,65.2211,55.1745,1.5526,2.7137,2.7137,24.9618,25.8415,61.026,0.7,0.7,25.8415,0.8252,97.2863,167594.0217,8071.639,1.0386,8071.639,19.2958,6.2078,4.0587,4.7222,6560.4667,6321.327,#N/A N/A,2.016,248.726,0.9023,0.0622,248.0588,428.1863,131.1108,339.8567,35.902,45.004,46.497,72.9674,71.927,0.1435,7.7518,632.4
7/31/2008,646.8,9811683,121626.8927,25.0295,1.6206,25.9116,10.5988,31.4619,31.4619,25.9634,65.2211,55.1745,1.5526,2.7137,2.7137,24.9618,25.8415,61.026,0.7,0.7,25.8415,0.8252,97.2863,170139.1472,8071.639,1.0386,8071.639,19.6019,6.2078,3.9953,4.6485,6560.4667,6321.327,#N/A N/A,2.016,248.726,0.9023,0.0613,260.2863,446.4238,137.4494,356.3467,40.847,39.044,44.654,73.2749,72.4417,0.1435,7.8748,645
8/29/2008,632,9614100,121626.8927,24.4568,1.5702,25.3187,10.3562,31.4619,31.4619,25.9634,65.2211,55.1745,1.5526,2.7137,2.7137,24.9618,25.8415,61.026,0.7,0.7,25.8415,0.8252,97.2863,166489.8413,8071.639,1.0386,8071.639,19.1534,6.2078,4.0888,4.7574,6560.4667,6321.327,#N/A N/A,2.016,248.726,0.9023,0.0627,272.2468,462.9563,143.6288,372.2317,43.794,40.872,42.584,72.0327,70.4046,0.1435,7.6946,649.5
9/30/2008,488.95,10520498,121626.8927,18.9211,1.367,19.5879,8.0122,31.4619,31.4619,25.9634,65.2211,55.1745,1.5526,2.7137,2.7137,24.9618,25.8415,61.026,0.7,0.7,25.8415,0.8252,97.2863,130709.5719,8071.639,1.0386,8071.639,14.8181,6.2078,5.2851,6.1492,6560.4667,6321.327,#N/A N/A,2.016,248.726,0.9023,0.081,281.2325,471.9475,148.372,383.2792,59.401,49.794,46.944,61.592,54.4625,0.1435,5.9529,630
10/31/2008,282.25,19811035,121626.8927,10.9223,1.0368,11.3073,4.6251,31.4619,31.4619,25.9634,65.2211,55.1745,1.5526,2.7137,2.7137,24.9618,25.8415,61.026,0.7,0.7,25.8415,0.8252,97.2863,79023.4787,8071.639,1.0386,8071.639,8.5539,6.2078,9.1555,10.6524,6560.4667,6321.327,#N/A N/A,2.016,248.726,0.9023,0.1403,285.9628,472.6788,151.057,387.2583,179.035,110.505,93.403,50.6239,40.2723,0.1435,3.4364,495
11/28/2008,322.35,11844560,121626.8927,12.4741,1.2763,12.9137,5.2822,31.4619,31.4619,25.9634,65.2211,55.1745,1.5526,2.7137,2.7137,24.9618,25.8415,61.026,0.7,0.7,25.8415,0.8252,97.2863,89057.4611,8071.639,1.0386,8071.639,9.7691,6.2078,8.0166,9.3273,6560.4667,6321.327,#N/A N/A,2.016,248.726,0.9023,0.1229,290.8133,473.515,154.1512,392.5825,78.79,116.142,97.766,52.3276,43.3557,0.1435,3.9246,296.85
12/31/2008,296.1,18015965,121626.8927,11.4583,1.0023,11.8621,4.852,31.4619,31.4619,25.9634,65.2211,55.1745,1.5526,2.7137,2.7137,24.9618,25.8415,61.026,0.7,0.7,25.8415,0.8252,97.2863,82563.8742,8071.639,1.0386,8071.639,8.9736,6.2078,8.7273,10.1542,6560.4667,6321.327,#N/A N/A,2.016,248.726,0.9023,0.1336,295.2213,471.8313,156.9842,397.425,80.198,119.638,101.934,51.1328,41.8333,0.1435,3.605,331
1/30/2009,137.25,74755246,121626.8927,5.3112,0.4682,5.4984,2.249,31.4619,31.4619,25.9634,65.2211,55.1745,1.5526,2.7137,2.7137,24.9618,25.8415,61.026,0.7,0.7,25.8415,0.8252,97.2863,42775.7239,8071.639,1.0386,8071.639,4.1595,6.2078,18.8281,21.9064,6560.4667,6321.327,#N/A N/A,2.016,248.726,0.9023,0.2882,296.2445,461.1038,158.2261,396.9225,136.106,102.348,118.931,44.7381,34.0427,0.1435,1.671,297
2/27/2009,144.75,70465250,121626.8927,5.6015,0.5247,5.7989,2.3719,31.4619,31.4619,25.9634,65.2211,55.1745,1.5526,2.7137,2.7137,24.9618,25.8415,61.026,0.7,0.7,25.8415,0.8252,97.2863,44654.3015,8071.639,1.0386,8071.639,4.3868,6.2078,17.8525,20.7713,6560.4667,6321.327,#N/A N/A,2.016,248.726,0.9023,0.2733,296.7175,451.9138,159.5506,395.9975,70.618,101.022,111.473,45.0736,34.6614,0.1435,1.7623,134.9
3/31/2009,156.9,38506998,39306.55,20.4676,1.6166,20.9163,2.4595,9.0577,9.0577,5.3366,23.8963,19.4324,4.5562,5.2283,5.2274,7.5,7.6658,63.7936,0.4,0.4,7.6658,0.5892,94.7717,42443.1191,4549.838,0.6839,4549.838,8.622,10.7182,4.8858,8.9806,2534.9742,1916.637,#N/A N/A,1.6976,248.726,2.2502,0.0974,297.3398,442.5713,161.0038,395.9875,64.769,99.904,90.597,45.6269,35.7134,0.1566,1.8539,143.3
4/29/2009,179.45,27026510,39306.55,23.4092,1.574,23.9224,2.813,9.0577,9.0577,5.3366,23.8963,19.4324,4.5562,5.2283,5.2274,7.5,7.6658,63.7936,0.4,0.4,7.6658,0.5892,94.7717,48092.5584,4549.838,0.6839,4549.838,9.8612,10.7182,4.2718,7.8521,2534.9742,1916.637,#N/A N/A,1.6976,248.726,2.2502,0.0851,298.273,434.35,162.6941,395.0175,77.701,92.879,93.342,46.6584,37.7178,0.1566,2.1203,154.8
5/29/2009,224.5,41470098,39306.55,29.286,1.5381,29.928,3.5192,9.0577,9.0577,5.3366,23.8963,19.4324,4.5562,5.2283,5.2274,7.5,7.6658,63.7936,0.4,0.4,7.6658,0.5892,94.7717,59376.8445,4549.838,0.6839,4549.838,12.3368,10.7182,3.4146,6.2765,2534.9742,1916.637,#N/A N/A,1.6976,248.726,2.2502,0.068,299.9315,424.4525,164.8437,393.0992,87.236,76.341,93.718,48.6708,41.6331,0.1566,2.6526,184
6/30/2009,216.7,65397132,39306.55,28.2685,1.4317,28.8882,3.3969,9.0577,9.0577,5.3366,23.8963,19.4324,4.5562,5.2283,5.2274,7.5,7.6658,63.7936,0.4,0.4,7.6658,0.5892,94.7717,57430.2246,4549.838,0.6839,4549.838,11.9082,10.7182,3.5375,6.5024,2534.9742,1916.637,#N/A N/A,1.6976,248.726,2.2502,0.0705,301.648,410.7025,166.9296,390.2775,68.972,78.548,72.936,48.3441,41.1507,0.1566,2.5605,232.9
7/31/2009,249.8,48180182,39306.55,32.5864,1.5265,33.3007,3.9158,9.0577,9.0577,5.3366,23.8963,19.4324,4.5562,5.2283,5.2274,7.5,7.6658,63.7936,0.4,0.4,7.6658,0.5892,94.7717,65728.7696,4549.838,0.6839,4549.838,13.7271,10.7182,3.0688,5.6408,2534.9742,1916.637,#N/A N/A,1.6976,248.726,2.2502,0.0611,304.1615,400.43,169.3678,388.3,66.55,75.596,73.734,49.8226,44.1099,0.1566,2.9516,219
8/31/2009,217,70319101,39306.55,28.3076,1.3246,28.9282,3.4016,9.0577,9.0577,5.3366,23.8963,19.4324,4.5562,5.2283,5.2274,7.5,7.6658,63.7936,0.4,0.4,7.6658,0.5892,94.7717,57529.2066,4549.838,0.6839,4549.838,11.9247,10.7182,3.5326,6.4934,2534.9742,1916.637,#N/A N/A,1.6976,248.726,2.2502,0.0704,305.8165,381.48,171.4803,386.6125,81.045,68.293,75.913,48.4025,41.8635,0.1566,2.564,251
9/30/2009,238.1,40762856,39306.55,31.0601,1.2267,31.741,3.7323,9.0577,9.0577,5.3366,23.8963,19.4324,4.5562,5.2283,5.2274,7.5,7.6658,63.7936,0.4,0.4,7.6658,0.5892,94.7717,67320.2517,4549.838,0.6839,4549.838,13.0842,10.7182,3.2196,5.9179,2534.9742,1916.637,#N/A N/A,1.6976,248.726,2.2502,0.0596,307.4885,368.725,173.7932,384.3617,28.202,60.835,63.7,49.363,43.8448,0.1566,2.8133,220.05
10/30/2009,224.2,30372319,39306.55,29.2469,1.2453,29.888,3.5145,9.0577,9.0577,5.3366,23.8963,19.4324,4.5562,5.2283,5.2274,7.5,7.6658,63.7936,0.4,0.4,7.6658,0.5892,94.7717,63580.2226,4549.838,0.6839,4549.838,12.3204,10.7182,3.4192,6.2849,2534.9742,1916.637,#N/A N/A,1.6976,248.726,2.2502,0.0633,309.186,355.665,175.9807,380.8425,23.842,50.262,55.337,48.7446,42.8097,0.1566,2.6491,243
11/30/2009,231,36124457,39306.55,30.1339,1.1987,30.7945,3.6211,9.0577,9.0577,5.3366,23.8963,19.4324,4.5562,5.2283,5.2274,7.5,7.6658,63.7936,0.4,0.4,7.6658,0.5892,94.7717,65428.0831,4549.838,0.6839,4549.838,12.694,10.7182,3.3185,6.0998,2534.9742,1916.637,#N/A N/A,1.6976,248.726,2.2502,0.0614,310.6355,342.765,178.2373,376.8158,46.934,34.257,49.747,49.0675,43.5123,0.1566,2.7294,218.2
12/31/2009,275.85,41311741,39306.55,35.9846,1.4943,36.7734,4.3241,9.0577,9.0577,5.3366,23.8963,19.4324,4.5562,5.2283,5.2274,7.5,7.6658,63.7936,0.4,0.4,7.6658,0.5892,94.7717,77528.627,4549.838,0.6839,4549.838,15.1586,10.7182,2.779,5.1081,2534.9742,1916.637,#N/A N/A,1.6976,248.726,2.2502,0.0514,313.363,322.995,180.9444,375.0592,35.702,38.306,35.577,51.1666,48.0455,0.1566,3.2594,236.65
1/29/2010,242.25,18463223,39306.55,31.6015,1.4007,32.2942,3.7974,9.0577,9.0577,5.3366,23.8963,19.4324,4.5562,5.2283,5.2274,7.5,7.6658,63.7936,0.4,0.4,7.6658,0.5892,94.7717,68468.095,4549.838,0.6839,4549.838,13.3122,10.7182,3.1644,5.8166,2534.9742,1916.637,#N/A N/A,1.6976,248.726,2.2502,0.0586,315.1735,302.145,183.3119,371.6758,31.684,40.174,36.227,49.5829,45.1239,0.1566,2.8624,277
2/26/2010,252.45,8934623,39306.55,32.9321,1.4537,33.654,3.9573,9.0577,9.0577,5.3366,23.8963,19.4324,4.5562,5.2283,5.2274,7.5,7.6658,63.7936,0.4,0.4,7.6658,0.5892,94.7717,71251.3332,4549.838,0.6839,4549.838,13.8728,10.7182,3.0366,5.5816,2534.9742,1916.637,#N/A N/A,1.6976,248.726,2.2502,0.0562,317.087,282.9325,185.7601,368.6283,28.976,33.144,37.049,50.0683,46.1936,0.1566,2.9829,242
3/31/2010,268.55,25931537,72464.8749,21.5819,1.0534,21.5917,3.0768,12.9755,12.9755,7.0991,10.1938,5.6748,4.6683,3.3265,3.3208,12.4164,12.4433,87.2834,0.4,0.4,12.4433,0.5471,96.6735,73927.3009,6195.656,0.2169,6195.656,11.3026,8.3794,4.6335,7.1252,4302.45,3244.708,#N/A N/A,1.5229,248.726,2.2855,0.0333,319.416,264.02,188.3455,363.4983,36.61,32.6,35.236,50.841,47.9192,0.2064,2.8003,253.9
4/30/2010,269.85,15707001,72464.8749,21.6863,1.0569,21.6962,3.0917,12.9755,12.9755,7.0991,10.1938,5.6748,4.6683,3.3265,3.3208,12.4164,12.4433,87.2834,0.4,0.4,12.4433,0.5471,96.6735,74283.5348,6195.656,0.2169,6195.656,11.3573,8.3794,4.6112,7.0909,4302.45,3244.708,#N/A N/A,1.5229,248.726,2.2855,0.0332,321.704,245.9125,190.9491,356.1033,23.164,29.319,30.696,50.9044,48.0641,0.2064,2.8139,270.45
5/31/2010,271.6,26849658,72464.8749,21.827,1.079,21.8369,3.1117,12.9755,12.9755,7.0991,10.1938,5.6748,4.6683,3.3265,3.3208,12.4164,12.4433,87.2834,0.4,0.4,12.4433,0.5471,96.6735,74761.4132,6195.656,0.2169,6195.656,11.4309,8.3794,4.5815,7.0452,4302.45,3244.708,#N/A N/A,1.5229,248.726,2.2855,0.0329,323.9855,235.045,193.5494,349.9817,26.633,29.489,30.484,50.9925,48.2726,0.2064,2.8322,281.1
6/30/2010,270.4,13747298,72464.8749,21.7305,1.0866,21.7404,3.098,12.9755,12.9755,7.0991,10.1938,5.6748,4.6683,3.3265,3.3208,12.4164,12.4433,87.2834,0.4,0.4,12.4433,0.5471,96.6735,74445.1278,6195.656,0.2169,6195.656,11.3804,8.3794,4.6018,7.0765,4302.45,3244.708,#N/A N/A,1.5229,248.726,2.2855,0.0331,326.136,234.4525,196.1317,339.1283,23.615,24.531,27.386,50.9277,48.1299,0.2064,2.8196,272.5
7/30/2010,270.3,15950367,72464.8749,21.7225,1.0759,21.7324,3.0968,12.9755,12.9755,7.0991,10.1938,5.6748,4.6683,3.3265,3.3208,12.4164,12.4433,87.2834,0.4,0.4,12.4433,0.5471,96.6735,74420.1459,6195.656,0.2169,6195.656,11.3762,8.3794,4.6035,7.0791,4302.45,3244.708,#N/A N/A,1.5229,248.726,2.2855,0.0331,328.2895,231.85,198.713,331.6983,23.784,24.277,26.103,50.9221,48.1171,0.2064,2.8186,269.75
8/31/2010,285.6,19289875,72464.8749,22.9521,1.1303,22.9625,3.2721,12.9755,12.9755,7.0991,10.1938,5.6748,4.6683,3.3265,3.3208,12.4164,12.4433,87.2834,0.4,0.4,12.4433,0.5471,96.6735,78566.9612,6195.656,0.2169,6195.656,12.0202,8.3794,4.3569,6.6998,4302.45,3244.708,#N/A N/A,1.5229,248.726,2.2855,0.0313,330.985,231.325,201.4355,325.0383,25.868,23.645,24.564,51.7589,50.2898,0.2064,2.9781,274.8
9/30/2010,299.75,21059461,72464.8749,24.0892,1.1451,24.1002,3.4342,12.9755,12.9755,7.0991,10.1938,5.6748,4.6683,3.3265,3.3208,12.4164,12.4433,87.2834,0.4,0.4,12.4433,0.5471,96.6735,82397.9152,6195.656,0.2169,6195.656,12.6157,8.3794,4.1512,6.3836,4302.45,3244.708,#N/A N/A,1.5229,248.726,2.2855,0.0298,333.9335,239.45,204.2995,318.73,27.038,24.971,23.663,52.5332,52.2802,0.2064,3.1257,286
10/29/2010,338.6,24204052,72464.8749,27.2114,1.2957,27.2238,3.8793,12.9755,12.9755,7.0991,10.1938,5.6748,4.6683,3.3265,3.3208,12.4164,12.4433,87.2834,0.4,0.4,12.4433,0.5471,96.6735,92896.1793,6195.656,0.2169,6195.656,14.2508,8.3794,3.6749,5.6511,4302.45,3244.708,#N/A N/A,1.5229,248.726,2.2855,0.0264,337.2555,249.1425,207.5565,307.6417,44.388,33.281,29.888,54.6026,57.3315,0.2064,3.5308,305
11/30/2010,352.25,23109848,72464.8749,28.3084,1.3848,28.3212,4.0357,12.9755,12.9755,7.0991,10.1938,5.6748,4.6683,3.3265,3.3208,12.4164,12.4433,87.2834,0.4,0.4,12.4433,0.5471,96.6735,96617.1281,6195.656,0.2169,6195.656,14.8253,8.3794,3.5325,5.4321,4302.45,3244.708,#N/A N/A,1.5229,248.726,2.2855,0.0254,341.1565,258.91,210.9557,297.4083,32.55,36.343,33.719,55.3108,58.9746,0.2064,3.6731,347.7
12/31/2010,362.1,15653712,72464.8749,29.0999,1.4258,29.1132,4.1486,12.9755,12.9755,7.0991,10.1938,5.6748,4.6683,3.3265,3.3208,12.4164,12.4433,87.2834,0.4,0.4,12.4433,0.5471,96.6735,99286.4975,6195.656,0.2169,6195.656,15.2398,8.3794,3.4364,5.2844,4302.45,3244.708,#N/A N/A,1.5229,248.726,2.2855,0.0247,344.2275,268.0425,214.4557,288.255,46.123,42.19,37.419,55.8252,60.1667,0.2064,3.7759,355
1/31/2011,307.15,15151972,72464.8749,24.6839,1.3542,24.6951,3.519,12.9755,12.9755,7.0991,10.1938,5.6748,4.6683,3.3265,3.3208,12.4164,12.4433,87.2834,0.4,0.4,12.4433,0.5471,96.6735,84443.0952,6195.656,0.2169,6195.656,12.9271,8.3794,4.0512,6.2298,4302.45,3244.708,#N/A N/A,1.5229,248.726,2.2855,0.0291,344.7295,272.175,217.4306,276.9333,47.88,42.043,42.885,52.3478,51.2244,0.2064,3.2029,364
2/28/2011,251.3,16722110,72464.8749,20.1956,1.1458,20.2048,2.8791,12.9755,12.9755,7.0991,10.1938,5.6748,4.6683,3.3265,3.3208,12.4164,12.4433,87.2834,0.4,0.4,12.4433,0.5471,96.6735,69379.9475,6195.656,0.2169,6195.656,10.5766,8.3794,4.9516,7.6143,4302.45,3244.708,#N/A N/A,1.5229,248.726,2.2855,0.0356,343.7285,273.905,219.8416,264.2433,43.769,44.804,44.14,49.13,44.0572,0.2064,2.6205,307
3/31/2011,283.7,15593814,76676.1814,16.907,0.8568,16.9272,3.7637,15.3678,15.3678,9.0809,102.3115,92.8697,1.1541,2.3854,2.3854,16.76,16.78,75.3773,0.4,0.4,16.78,0.5909,97.6146,96098.6824,5922.71,3.2363,5922.71,12.9351,6.1624,5.9147,6.4951,4730.8291,4532.08,#N/A N/A,1.3287,248.726,0.5887,0.2754,343.22,275.6,222.5764,257.4017,30.585,50.855,47.259,50.9398,48.5542,0.0865,2.5978,261.1
4/29/2011,299.3,5700371,76676.1814,17.8367,0.9183,17.858,3.9707,15.3678,15.3678,9.0809,102.3115,92.8697,1.1541,2.3854,2.3854,16.76,16.78,75.3773,0.4,0.4,16.78,0.5909,97.6146,100314.2535,5922.71,3.2363,5922.71,13.6463,6.1624,5.6064,6.1566,4730.8291,4532.08,#N/A N/A,1.3287,248.726,0.5887,0.2611,343.8535,279.715,225.4501,257.97,25.599,45.592,44.858,51.794,50.6128,0.0865,2.7406,285
5/31/2011,307.3,29359900,76676.1814,18.3135,0.975,18.3353,4.0768,15.3678,15.3678,9.0809,102.3115,92.8697,1.1541,2.3854,2.3854,16.76,16.78,75.3773,0.4,0.4,16.78,0.5909,97.6146,102491.9993,5922.71,3.2363,5922.71,14.0111,6.1624,5.4605,5.9963,4730.8291,4532.08,#N/A N/A,1.3287,248.726,0.5887,0.2542,343.887,283.175,228.4081,257.4683,57.509,39.686,46.718,52.2352,51.6806,0.0865,2.8139,301
6/30/2011,317.25,11284811,76676.1814,18.9064,1.0637,18.929,4.2088,15.3678,15.3678,9.0809,102.3115,92.8697,1.1541,2.3854,2.3854,16.76,16.78,75.3773,0.4,0.4,16.78,0.5909,97.6146,105183.7999,5922.71,3.2363,5922.71,14.4647,6.1624,5.2892,5.8082,4730.8291,4532.08,#N/A N/A,1.3287,248.726,0.5887,0.2463,343.6365,287.8275,231.4656,258.1733,25.063,37.498,45.825,52.7912,53.0405,0.0865,2.905,307.4
7/29/2011,330.45,18018464,76676.1814,19.6931,1.1474,19.7166,4.3839,15.3678,15.3678,9.0809,102.3115,92.8697,1.1541,2.3854,2.3854,16.76,16.78,75.3773,0.4,0.4,16.78,0.5909,97.6146,108751.6094,5922.71,3.2363,5922.71,15.0666,6.1624,5.0779,5.5762,4730.8291,4532.08,#N/A N/A,1.3287,248.726,0.5887,0.2364,343.2095,292.8,234.6644,264.6133,38.446,39.208,36.228,53.5334,54.8557,0.0865,3.0259,319.9
8/30/2011,326.1,14118914,76676.1814,19.4338,1.2133,19.457,4.3262,15.3678,15.3678,9.0809,102.3115,92.8697,1.1541,2.3854,2.3854,16.76,16.78,75.3773,0.4,0.4,16.78,0.5909,97.6146,107582.7008,5922.71,3.2363,5922.71,14.8683,6.1624,5.1457,5.6506,4730.8291,4532.08,#N/A N/A,1.3287,248.726,0.5887,0.2396,343.1605,295.3125,237.8104,270.6583,34.747,33.049,38.248,53.248,54.1134,0.0865,2.986,336.9
9/30/2011,322.95,7745735,76676.1814,19.2461,1.2222,19.2691,4.2844,15.3678,15.3678,9.0809,102.3115,92.8697,1.1541,2.3854,2.3854,16.76,16.78,75.3773,0.4,0.4,16.78,0.5909,97.6146,106753.5782,5922.71,3.2363,5922.71,14.7246,6.1624,5.1959,5.7057,4730.8291,4532.08,#N/A N/A,1.3287,248.726,0.5887,0.2418,342.7445,299.3475,240.9131,276.1933,16.659,31.201,29.206,53.0362,53.5483,0.0865,2.9572,324.5
10/31/2011,309.1,11898882,76676.1814,18.4207,1.087,18.4427,4.1007,15.3678,15.3678,9.0809,102.3115,92.8697,1.1541,2.3854,2.3854,16.76,16.78,75.3773,0.4,0.4,16.78,0.5909,97.6146,103008.8316,5922.71,3.2363,5922.71,14.0932,6.1624,5.4287,5.9614,4730.8291,4532.08,#N/A N/A,1.3287,248.726,0.5887,0.2527,342.049,302.18,243.8551,280.515,26.761,26.232,29.137,52.0937,51.0251,0.0865,2.8304,315
11/30/2011,315,17660144,76676.1814,18.7723,1.2171,18.7947,4.179,15.3678,15.3678,9.0809,102.3115,92.8697,1.1541,2.3854,2.3854,16.76,16.78,75.3773,0.4,0.4,16.78,0.5909,97.6146,104614.7756,5922.71,3.2363,5922.71,14.3622,6.1624,5.327,5.8497,4730.8291,4532.08,#N/A N/A,1.3287,248.726,0.5887,0.2479,339.9,304.5025,246.8496,283.5317,35.974,26.759,29.828,52.4659,52.0614,0.0865,2.8844,310
12/30/2011,293.55,10069469,76676.1814,17.494,1.1826,17.5149,3.8944,15.3678,15.3678,9.0809,102.3115,92.8697,1.1541,2.3854,2.3854,16.76,16.78,75.3773,0.4,0.4,16.78,0.5909,97.6146,98814.4208,5922.71,3.2363,5922.71,13.3842,6.1624,5.7162,6.2771,4730.8291,4532.08,#N/A N/A,1.3287,248.726,0.5887,0.266,335.937,305.6875,249.602,286.0933,44.476,34.564,30.508,50.9762,48.0784,0.0865,2.688,322
1/31/2012,295.1,7896696,76676.1814,17.5864,1.0651,17.6074,3.915,15.3678,15.3678,9.0809,102.3115,92.8697,1.1541,2.3854,2.3854,16.76,16.78,75.3773,0.4,0.4,16.78,0.5909,97.6146,99236.0912,5922.71,3.2363,5922.71,13.4548,6.1624,5.6862,6.2442,4730.8291,4532.08,#N/A N/A,1.3287,248.726,0.5887,0.2646,332.734,306.8625,252.3572,287.6033,36.27,38.332,34,51.08,48.3857,0.0865,2.7022,292.05
2/29/2012,308.7,13938243,76676.1814,18.3969,1.079,18.4189,4.0954,15.3678,15.3678,9.0809,102.3115,92.8697,1.1541,2.3854,2.3854,16.76,16.78,75.3773,0.4,0.4,16.78,0.5909,97.6146,102942.7533,5922.71,3.2363,5922.71,14.0749,6.1624,5.4357,5.9691,4730.8291,4532.08,#N/A N/A,1.3287,248.726,0.5887,0.2529,326.988,308.7775,255.2274,290.66,23.007,34.979,33.753,52.0028,51.1193,0.0865,2.8267,300
3/30/2012,309.4,11030151,83703.6846,18.1679,1.1722,18.1893,3.4853,11.4496,11.4496,8.3843,92.4946,79.3045,1.5497,11.7535,11.7535,17.01,17.03,88.7732,2,2,17.03,0.7323,88.2465,103197.9112,7143.13,2.6941,7143.13,11.7115,6.9218,5.5042,7.3692,5864.4454,4603.48,#N/A N/A,1.5693,248.726,0.8222,0.2681,323.312,310.7325,258.1132,293.0367,27.606,28.341,31.861,52.0509,51.2624,0.1683,2.0807,309.9
4/30/2012,324.55,8667483,83703.6846,19.0575,1.2356,19.08,3.6559,11.4496,11.4496,8.3843,92.4946,79.3045,1.5497,11.7535,11.7535,17.01,17.03,88.7732,2,2,17.03,0.7323,88.2465,107296.5239,7143.13,2.6941,7143.13,12.2849,6.9218,5.2473,7.0252,5864.4454,4603.48,#N/A N/A,1.5693,248.726,0.8222,0.2556,320.095,312.68,261.0014,296.3817,19.889,22.619,27.519,53.1044,54.375,0.1683,2.1826,309
5/31/2012,356.7,22780331,83703.6846,20.9454,1.4517,20.97,4.0181,11.4496,11.4496,8.3843,92.4946,79.3045,1.5497,11.7535,11.7535,17.01,17.03,88.7732,2,2,17.03,0.7323,88.2465,116007.8688,7143.13,2.6941,7143.13,13.5019,6.9218,4.7743,6.392,5864.4454,4603.48,#N/A N/A,1.5693,248.726,0.8222,0.2326,317.449,315.5275,264.1915,300.5717,46.089,31.683,30.216,55.2622,60.1861,0.1683,2.3988,325
6/29/2012,363.1,7184313,83703.6846,21.3212,1.3707,21.3463,4.0902,11.4496,11.4496,8.3843,92.4946,79.3045,1.5497,11.7535,11.7535,17.01,17.03,88.7732,2,2,17.03,0.7323,88.2465,117739.5405,7143.13,2.6941,7143.13,13.7441,6.9218,4.6902,6.2794,5864.4454,4603.48,#N/A N/A,1.5693,248.726,0.8222,0.2285,311.286,316.7525,267.4471,303.48,26.288,32.65,29.814,55.6821,61.2444,0.1683,2.4418,356.7
7/31/2012,384,12338093,83703.6846,22.5484,1.4666,22.575,4.3256,11.4496,11.4496,8.3843,92.4946,79.3045,1.5497,11.7535,11.7535,17.01,17.03,88.7732,2,2,17.03,0.7323,88.2465,123410.5855,7143.13,2.6941,7143.13,14.5352,6.9218,4.4349,5.9376,5864.4454,4603.48,#N/A N/A,1.5693,248.726,0.8222,0.216,305.781,318.34,270.9266,308.205,21.756,31.964,29.213,57.0442,64.5573,0.1683,2.5824,364.8
8/31/2012,440.95,12116612,83703.6846,25.8925,1.6635,25.923,4.9672,11.4496,11.4496,8.3843,92.4946,79.3045,1.5497,11.7535,11.7535,17.01,17.03,88.7732,2,2,17.03,0.7323,88.2465,138836.9007,7143.13,2.6941,7143.13,16.6909,6.9218,3.8621,5.1708,5864.4454,4603.48,#N/A N/A,1.5693,248.726,0.8222,0.1881,301.866,322.2825,274.9624,314.4883,27.696,24.267,30.535,60.469,71.6651,0.1683,2.9653,384
9/28/2012,420.95,6908150,83703.6846,24.7181,1.5201,24.7472,4.7419,11.4496,11.4496,8.3843,92.4946,79.3045,1.5497,11.7535,11.7535,17.01,17.03,88.7732,2,2,17.03,0.7323,88.2465,133442.15,7143.13,2.6941,7143.13,15.9339,6.9218,4.0456,5.4164,5864.4454,4603.48,#N/A N/A,1.5693,248.726,0.8222,0.197,297.349,327.9725,278.8176,319.5683,26.523,26.046,25.877,58.7668,66.6128,0.1683,2.8308,446
10/31/2012,428.3,11249063,83703.6846,25.1497,1.5679,25.1793,4.8247,11.4496,11.4496,8.3843,92.4946,79.3045,1.5497,11.7535,11.7535,17.01,17.03,88.7732,2,2,17.03,0.7323,88.2465,135441.293,7143.13,2.6941,7143.13,16.2121,6.9218,3.9762,5.3235,5864.4454,4603.48,#N/A N/A,1.5693,248.726,0.8222,0.1936,293.275,336.8225,282.7609,324.85,41.828,30.88,29.636,59.2034,67.5191,0.1683,2.8803,422.05
11/30/2012,433.65,8404857,83703.6846,25.4639,1.5189,25.4938,4.8849,11.4496,11.4496,8.3843,92.4946,79.3045,1.5497,11.7535,11.7535,17.01,17.03,88.7732,2,2,17.03,0.7323,88.2465,136894.1289,7143.13,2.6941,7143.13,16.4146,6.9218,3.9271,5.2578,5864.4454,4603.48,#N/A N/A,1.5693,248.726,0.8222,0.1912,292.169,344.32,286.7008,330.2517,26.865,31.418,29.755,59.5261,68.1958,0.1683,2.9162,427
12/31/2012,528.55,17030354,83703.6846,31.0364,1.8539,31.0729,5.9539,11.4496,11.4496,8.3843,92.4946,79.3045,1.5497,11.7535,11.7535,17.01,17.03,88.7732,2,2,17.03,0.7323,88.2465,162592.8518,7143.13,2.6941,7143.13,20.0068,6.9218,3.222,4.3138,5864.4454,4603.48,#N/A N/A,1.5693,248.726,0.8222,0.1568,297.095,355.7825,291.5289,338.8567,36.672,35.226,32.651,64.6562,77.2501,0.1683,3.5544,435
1/31/2013,502.5,17993645,83703.6846,29.5068,1.7209,29.5414,5.6605,11.4496,11.4496,8.3843,92.4946,79.3045,1.5497,11.7535,11.7535,17.01,17.03,88.7732,2,2,17.03,0.7323,88.2465,155569.675,7143.13,2.6941,7143.13,19.0207,6.9218,3.3891,4.5374,5864.4454,4603.48,#N/A N/A,1.5693,248.726,0.8222,0.1649,300.698,365.5425,295.7556,346.5967,39.085,34.705,34.671,62.4099,71.2535,0.1683,3.3792,530
2/28/2013,501.65,11046297,83703.6846,29.4568,1.812,29.4915,5.6509,11.4496,11.4496,8.3843,92.4946,79.3045,1.5497,11.7535,11.7535,17.01,17.03,88.7732,2,2,17.03,0.7323,88.2465,155363.2268,7143.13,2.6941,7143.13,18.9885,6.9218,3.3948,4.5451,5864.4454,4603.48,#N/A N/A,1.5693,248.726,0.8222,0.1652,304.809,374.7625,300.0151,353.7983,20.799,32.978,33.891,62.3368,71.0597,0.1683,3.3735,503
3/28/2013,462.9,13477864,125378.156,20.2052,1.2343,20.2228,4.5377,12.3701,12.3701,9.4992,99.1921,77.4805,1.6929,8.7368,8.7368,22.89,22.91,102.0117,2,2,22.91,0.7679,91.2632,147218.6571,10152.78,2.1272,10152.78,12.3416,6.8964,4.9492,7.089,7551.9182,6200.33,#N/A N/A,1.9636,270.85,1.0199,0.2205,311.322,381.385,303.7833,359.2367,24.448,29.173,31.64,59.0736,62.6876,0.2749,2.4999,501.7
4/30/2013,487.1,9117833,125378.156,21.2615,1.2542,21.28,4.7749,12.3701,12.3701,9.4992,99.1921,77.4805,1.6929,8.7368,8.7368,22.89,22.91,102.0117,2,2,22.91,0.7679,91.2632,153773.3167,10152.78,2.1272,10152.78,12.9868,6.8964,4.7033,6.7368,7551.9182,6200.33,#N/A N/A,1.9636,270.85,1.0199,0.2096,318.169,389.435,307.4433,364.1867,34.709,27.265,31.005,60.4124,65.4271,0.2749,2.6306,472
5/31/2013,590.05,20107448,125378.156,25.7551,1.501,25.7776,5.7841,12.3701,12.3701,9.4992,99.1921,77.4805,1.6929,8.7368,8.7368,22.89,22.91,102.0117,2,2,22.91,0.7679,91.2632,181682.9686,10152.78,2.1272,10152.78,15.7316,6.8964,3.8827,5.5614,7551.9182,6200.33,#N/A N/A,1.9636,270.85,1.0199,0.173,326.832,402.79,312.0859,372.1133,28.749,30.164,29.579,65.3945,74.1293,0.2749,3.1865,488
6/28/2013,548.25,11729122,125378.156,23.9306,1.4184,23.9515,5.3744,12.3701,12.3701,9.4992,99.1921,77.4805,1.6929,8.7368,8.7368,22.89,22.91,102.0117,2,2,22.91,0.7679,91.2632,170371.0891,10152.78,2.1272,10152.78,14.6172,6.8964,4.1788,5.9854,7551.9182,6200.33,#N/A N/A,1.9636,270.85,1.0199,0.1861,334.208,414.7475,316.2405,378.3183,44.665,34.875,32.58,62.1113,66.7796,0.2749,2.9608,593
7/31/2013,576.6,5574912,125378.156,25.168,1.4944,25.19,5.6523,12.3701,12.3701,9.4992,99.1921,77.4805,1.6929,8.7368,8.7368,22.89,22.91,102.0117,2,2,22.91,0.7679,91.2632,178064.1687,10152.78,2.1272,10152.78,15.373,6.8964,3.9733,5.6912,7551.9182,6200.33,#N/A N/A,1.9636,270.85,1.0199,0.177,341.25,427.8275,320.5908,387.3,21.891,33.25,33.093,63.4005,69.0228,0.2749,3.1139,549
8/30/2013,514.95,12768025,125378.156,22.4771,1.3702,22.4967,5.0479,12.3701,12.3701,9.4992,99.1921,77.4805,1.6929,8.7368,8.7368,22.89,22.91,102.0117,2,2,22.91,0.7679,91.2632,161392.3229,10152.78,2.1272,10152.78,13.7293,6.8964,4.449,6.3725,7551.9182,6200.33,#N/A N/A,1.9636,270.85,1.0199,0.1981,347.215,438.8975,324.4315,396.0883,39.786,36.006,34.27,58.8925,59.598,0.2749,2.781,580
9/30/2013,530.95,10239119,125378.156,23.1755,1.4124,23.1957,5.2048,12.3701,12.3701,9.4992,99.1921,77.4805,1.6929,8.7368,8.7368,22.89,22.91,102.0117,2,2,22.91,0.7679,91.2632,165728.3351,10152.78,2.1272,10152.78,14.1559,6.8964,4.3149,6.1805,7551.9182,6200.33,#N/A N/A,1.9636,270.85,1.0199,0.1922,352.838,450.69,328.4998,404.33,35.967,32.684,35.551,59.6626,61.0832,0.2749,2.8674,514
10/31/2013,563.6,12615822,125378.156,24.6006,1.3806,24.6221,5.5249,12.3701,12.3701,9.4992,99.1921,77.4805,1.6929,8.7368,8.7368,22.89,22.91,102.0117,2,2,22.91,0.7679,91.2632,174579.0899,10152.78,2.1272,10152.78,15.0264,6.8964,4.0649,5.8224,7551.9182,6200.33,#N/A N/A,1.9636,270.85,1.0199,0.181,359.77,463.435,332.7933,413.14,31.469,34.808,34.454,61.197,63.9921,0.2749,3.0437,533.9
11/29/2013,515.85,13911633,125378.156,22.5164,1.2856,22.536,5.0568,12.3701,12.3701,9.4992,99.1921,77.4805,1.6929,8.7368,8.7368,22.89,22.91,102.0117,2,2,22.91,0.7679,91.2632,161643.8587,10152.78,2.1272,10152.78,13.7533,6.8964,4.4412,6.3614,7551.9182,6200.33,#N/A N/A,1.9636,270.85,1.0199,0.1978,365.325,473.7575,336.4068,420.0917,31.573,33.436,33.601,57.8668,57.2521,0.2749,2.7858,554.95
12/31/2013,533.85,17111637,125378.156,23.3021,1.3962,23.3224,5.2332,12.3701,12.3701,9.4992,99.1921,77.4805,1.6929,8.7368,8.7368,22.89,22.91,102.0117,2,2,22.91,0.7679,91.2632,166580.5287,10152.78,2.1272,10152.78,14.2332,6.8964,4.2915,6.1469,7551.9182,6200.33,#N/A N/A,1.9636,270.85,1.0199,0.191,371.518,484.2225,340.352,427.3117,18.362,27.874,30.33,58.7423,59.005,0.2749,2.883,517.2
1/31/2014,559.25,18994206,125378.156,24.4107,1.5109,24.4321,5.4822,12.3701,12.3701,9.4992,99.1921,77.4805,1.6929,8.7368,8.7368,22.89,22.91,102.0117,2,2,22.91,0.7679,91.2632,173488.0774,10152.78,2.1272,10152.78,14.9105,6.8964,4.0966,5.8677,7551.9182,6200.33,#N/A N/A,1.9636,270.85,1.0199,0.1823,378.083,494.35,344.3593,434.9383,29.844,25.863,28.22,59.9569,61.4097,0.2749,3.0202,534
2/28/2014,569.65,7324050,125378.156,24.8647,1.5042,24.8864,5.5842,12.3701,12.3701,9.4992,99.1921,77.4805,1.6929,8.7368,8.7368,22.89,22.91,102.0117,2,2,22.91,0.7679,91.2632,176340.9711,10152.78,2.1272,10152.78,15.1877,6.8964,4.0218,5.7606,7551.9182,6200.33,#N/A N/A,1.9636,270.85,1.0199,0.179,383.959,504.6775,348.661,443.0567,26.392,25.079,27.859,60.4501,62.3827,0.2749,3.0764,560
3/31/2014,565.2,10975092,153295.6087,28.2459,1.7128,28.26,5.1385,9.0301,9.0301,6.8622,109.0241,82.5004,1.6149,10.0032,10.0032,20,20.01,109.9934,2,2,20.01,0.7599,89.9968,178150.1445,13083.17,1.8896,13083.17,11.7086,7.3439,3.5403,7.1255,8545.8199,5422.75,#N/A N/A,2.0416,271.22,1.0007,0.2131,390.418,513.7375,352.7958,451.1317,31.796,29.023,26.559,60.1224,61.6662,0.2695,2.5509,571.95
4/30/2014,604.55,12869477,153295.6087,30.2124,1.8294,30.2275,5.4962,9.0301,9.0301,6.8622,109.0241,82.5004,1.6149,10.0032,10.0032,20,20.01,109.9934,2,2,20.01,0.7599,89.9968,188822.7957,13083.17,1.8896,13083.17,12.5237,7.3439,3.3099,6.6617,8545.8199,5422.75,#N/A N/A,2.0416,271.22,1.0007,0.1992,397.46,521.9175,357.2735,460.98,25.611,28.061,26.971,62.0069,65.4454,0.2695,2.7285,569.45
5/30/2014,552.5,14148539,153295.6087,27.6112,1.5515,27.625,5.023,9.0301,9.0301,6.8622,109.0241,82.5004,1.6149,10.0032,10.0032,20,20.01,109.9934,2,2,20.01,0.7599,89.9968,174709.1111,13083.17,1.8896,13083.17,11.4455,7.3439,3.6217,7.2893,8545.8199,5422.75,#N/A N/A,2.0416,271.22,1.0007,0.218,403.139,528.495,361.2775,468.8967,31.829,31.208,31.212,58.2408,57.3864,0.2695,2.4936,614.15
6/30/2014,570.1,13197429,153295.6087,28.4908,1.59,28.505,5.183,9.0301,9.0301,6.8622,109.0241,82.5004,1.6149,10.0032,10.0032,20,20.01,109.9934,2,2,20.01,0.7599,89.9968,179482.7593,13083.17,1.8896,13083.17,11.8101,7.3439,3.5099,7.0643,8545.8199,5422.75,#N/A N/A,2.0416,271.22,1.0007,0.2113,409.144,535.585,365.424,478.115,16.433,27.243,27.904,59.1095,59.2152,0.2695,2.573,555
7/31/2014,659.3,21200307,153295.6087,32.9485,1.8058,32.965,5.994,9.0301,9.0301,6.8622,109.0241,82.5004,1.6149,10.0032,10.0032,20,20.01,109.9934,2,2,20.01,0.7599,89.9968,203676.4762,13083.17,1.8896,13083.17,13.6579,7.3439,3.035,6.1085,8545.8199,5422.75,#N/A N/A,2.0416,271.22,1.0007,0.1827,416.898,546.8675,370.4418,490.255,41.591,33.428,32.401,63.1309,66.9556,0.2695,2.9756,574
8/28/2014,716.9,14808700,153295.6087,35.8271,1.9057,35.845,6.5177,9.0301,9.0301,6.8622,109.0241,82.5004,1.6149,10.0032,10.0032,20,20.01,109.9934,2,2,20.01,0.7599,89.9968,219316.5867,13083.17,1.8896,13083.17,14.8512,7.3439,2.7912,5.6177,8545.8199,5422.75,#N/A N/A,2.0416,271.22,1.0007,0.168,425.828,556.285,375.982,503.8617,31.239,32.184,32.797,65.4037,70.8083,0.2695,3.2355,651.45
9/30/2014,721.8,17716412,153295.6087,36.072,1.9467,36.09,6.5622,9.0301,9.0301,6.8622,109.0241,82.5004,1.6149,10.0032,10.0032,20,20.01,109.9934,2,2,20.01,0.7599,89.9968,220656.393,13083.17,1.8896,13083.17,14.9527,7.3439,2.7722,5.5796,8545.8199,5422.75,#N/A N/A,2.0416,271.22,1.0007,0.1669,434.858,567.25,381.5738,517.6083,37.031,35.832,32.225,65.5904,71.1168,0.2695,3.2577,712
10/31/2014,718.05,12216914,153295.6087,35.8846,1.8434,35.9025,6.5281,9.0301,9.0301,6.8622,109.0241,82.5004,1.6149,10.0032,10.0032,20,20.01,109.9934,2,2,20.01,0.7599,89.9968,219647.3742,13083.17,1.8896,13083.17,14.875,7.3439,2.7867,5.6087,8545.8199,5422.75,#N/A N/A,2.0416,271.22,1.0007,0.1677,443.507,578.07,387.246,530.725,22.185,30.146,32.544,65.3114,70.5027,0.2695,3.2407,719.75
11/28/2014,819.55,14618965,153295.6087,40.957,2.0463,40.9775,7.4509,9.0301,9.0301,6.8622,109.0241,82.5004,1.6149,10.0032,10.0032,20,20.01,109.9934,2,2,20.01,0.7599,89.9968,247182.3281,13083.17,1.8896,13083.17,16.9776,7.3439,2.4416,4.9141,8545.8199,5422.75,#N/A N/A,2.0416,271.22,1.0007,0.1469,453.903,595.9025,393.9183,546.1533,36.653,32.271,32.644,69.0031,76.4342,0.2695,3.6988,717.2
12/31/2014,770.2,16315138,153295.6087,38.4908,1.9855,38.51,7.0022,9.0301,9.0301,6.8622,109.0241,82.5004,1.6149,10.0032,10.0032,20,20.01,109.9934,2,2,20.01,0.7599,89.9968,233797.7462,13083.17,1.8896,13083.17,15.9553,7.3439,2.598,5.2289,8545.8199,5422.75,#N/A N/A,2.0416,271.22,1.0007,0.1564,462.535,610.0575,399.8953,559.7233,32.752,31.482,31.953,65.4971,69.1531,0.2695,3.4761,818.05
1/30/2015,719.15,13847377,153295.6087,35.9395,1.747,35.9575,6.5381,9.0301,9.0301,6.8622,109.0241,82.5004,1.6149,10.0032,10.0032,20,20.01,109.9934,2,2,20.01,0.7599,89.9968,219948.6795,13083.17,1.8896,13083.17,14.8978,7.3439,2.7825,5.6001,8545.8199,5422.75,#N/A N/A,2.0416,271.22,1.0007,0.1675,469.873,616.5125,405.5148,570.895,27.068,30.998,30.84,62.1196,62.5185,0.2695,3.2457,783.25
2/28/2015,789.9,17021914,153295.6087,39.4753,1.9051,39.495,7.1813,9.0301,9.0301,6.8622,109.0241,82.5004,1.6149,10.0032,10.0032,20,20.01,109.9934,2,2,20.01,0.7599,89.9968,239150.4611,13083.17,1.8896,13083.17,16.3634,7.3439,2.5332,5.0985,8545.8199,5422.75,#N/A N/A,2.0416,271.22,1.0007,0.1525,478.429,628.595,411.3283,582.5267,26.509,28.597,29.726,64.7274,67.2133,0.2695,3.565,723.8
3/31/2015,786.15,21344939,213278.2128,44.8716,2.0111,44.8716,7.1085,7.1693,7.1693,5.1887,126.6581,101.2015,1.4343,11.4155,11.4155,17.52,17.52,110.5933,2,2,17.52,0.7237,88.5845,243638.3149,10225.18,2.9693,10225.18,20.8557,4.1969,2.2286,3.5757,6097.9123,4753.1,#N/A N/A,1.8945,271.22,0.8826,0.1782,488.009,639.0725,416.3693,594.7,36.557,29.723,29.935,64.4839,66.7361,0.2058,3.2166,792.8
4/30/2015,890.3,29685060,213278.2128,50.8162,2.3548,50.8162,8.0502,7.1693,7.1693,5.1887,126.6581,101.2015,1.4343,11.4155,11.4155,17.52,17.52,110.5933,2,2,17.52,0.7237,88.5845,271893.6429,10225.18,2.9693,10225.18,23.6187,4.1969,1.9679,3.1574,6097.9123,4753.1,#N/A N/A,1.8945,271.22,0.8826,0.1573,500.789,657.84,422.2588,610.1,46.686,36.672,34.001,67.9471,72.562,0.2058,3.6428,789.95
5/29/2015,875.3,18874307,213278.2128,49.96,2.2375,49.96,7.9146,7.1693,7.1693,5.1887,126.6581,101.2015,1.4343,11.4155,11.4155,17.52,17.52,110.5933,2,2,17.52,0.7237,88.5845,277277.4539,10225.18,2.9693,10225.18,23.2208,4.1969,2.0016,3.2115,6097.9123,4753.1,#N/A N/A,1.8945,271.22,0.8826,0.1539,512.621,675.0575,427.9205,624.8217,34.808,39.045,34.819,66.9741,70.643,0.2058,3.5814,905
6/30/2015,994.15,25493441,213278.2128,56.7437,2.5791,56.7437,8.9892,7.1693,7.1693,5.1887,126.6581,101.2015,1.4343,11.4155,11.4155,17.52,17.52,110.5933,2,2,17.52,0.7237,88.5845,310815.6462,10225.18,2.9693,10225.18,26.3737,4.1969,1.7623,2.8276,6097.9123,4753.1,#N/A N/A,1.8945,271.22,0.8826,0.1355,526.518,696.585,435.1858,640.3417,28.404,34.264,35.578,70.4432,76.048,0.2058,4.0677,852.2
7/31/2015,1011.9,23182234,213278.2128,57.7568,2.5908,57.7568,9.1497,7.1693,7.1693,5.1887,126.6581,101.2015,1.4343,11.4155,11.4155,17.52,17.52,110.5933,2,2,17.52,0.7237,88.5845,315873.9167,10225.18,2.9693,10225.18,26.8446,4.1969,1.7314,2.778,6097.9123,4753.1,#N/A N/A,1.8945,271.22,0.8826,0.1331,540.61,721.3875,442.2485,657.3217,36.661,29.427,35.331,70.9152,76.7369,0.2058,4.1403,1003.15
8/31/2015,1154.8,50036259,213278.2128,65.9132,3.2042,65.9132,10.4419,7.1693,7.1693,5.1887,126.6581,101.2015,1.4343,11.4155,11.4155,17.52,17.52,110.5933,2,2,17.52,0.7237,88.5845,356194.0494,10225.18,2.9693,10225.18,30.6356,4.1969,1.5171,2.4342,6097.9123,4753.1,#N/A N/A,1.8945,271.22,0.8826,0.1166,557.361,752.435,450.4988,679.0933,57.461,41.676,38.664,74.3295,81.3799,0.2058,4.725,1009.45
9/30/2015,1049.2,19887379,213278.2128,59.8858,2.8808,59.8858,9.487,7.1693,7.1693,5.1887,126.6581,101.2015,1.4343,11.4155,11.4155,17.52,17.52,110.5933,2,2,17.52,0.7237,88.5845,326398.3238,10225.18,2.9693,10225.18,27.8342,4.1969,1.6698,2.6792,6097.9123,4753.1,#N/A N/A,1.8945,271.22,0.8826,0.1284,571.736,776.9325,457.4728,698.6367,31.535,43.232,38.19,68.2085,70.2256,0.2058,4.2929,1118
10/30/2015,991.5,18719760,213278.2128,56.5925,2.7269,56.5925,8.9653,7.1693,7.1693,5.1887,126.6581,101.2015,1.4343,11.4155,11.4155,17.52,17.52,110.5933,2,2,17.52,0.7237,88.5845,310117.9311,10225.18,2.9693,10225.18,26.3034,4.1969,1.767,2.8352,6097.9123,4753.1,#N/A N/A,1.8945,271.22,0.8826,0.1358,585.044,798.025,464.1023,715.45,37.778,43.405,39.688,65.1748,64.9844,0.2058,4.0568,1067.5
11/30/2015,981,12730500,213278.2128,55.9932,2.8031,55.9932,8.8703,7.1693,7.1693,5.1887,126.6581,101.2015,1.4343,11.4155,11.4155,17.52,17.52,110.5933,2,2,17.52,0.7237,88.5845,307155.2914,10225.18,2.9693,10225.18,26.0249,4.1969,1.7859,2.8655,6097.9123,4753.1,#N/A N/A,1.8945,271.22,0.8826,0.1373,598.205,818.815,470.4748,728.4817,20.865,30.341,39.715,64.6336,64.0476,0.2058,4.0139,996.5
12/31/2015,921.9,15618371,213278.2128,52.6199,2.7296,52.6199,8.3359,7.1693,7.1693,5.1887,126.6581,101.2015,1.4343,11.4155,11.4155,17.52,17.52,110.5933,2,2,17.52,0.7237,88.5845,290481.6912,10225.18,2.9693,10225.18,24.457,4.1969,1.9004,3.0492,6097.9123,4753.1,#N/A N/A,1.8945,271.22,0.8826,0.1461,610.461,834.6825,476.255,740.9367,31.187,29.783,33.979,61.6529,58.9009,0.2058,3.772,988.95
1/29/2016,771.35,19565432,213278.2128,44.0268,2.3913,44.0268,6.9747,7.1693,7.1693,5.1887,126.6581,101.2015,1.4343,11.4155,11.4155,17.52,17.52,110.5933,2,2,17.52,0.7237,88.5845,248002.7829,10225.18,2.9693,10225.18,20.4631,4.1969,2.2713,3.6443,6097.9123,4753.1,#N/A N/A,1.8945,271.22,0.8826,0.1746,619.588,845.625,479.744,747.4283,50.152,35.693,34.655,54.9721,48.2617,0.2058,3.1561,921.9
2/29/2016,735.65,16552827,213278.2128,41.9892,2.4669,41.9892,6.6518,7.1693,7.1693,5.1887,126.6581,101.2015,1.4343,11.4155,11.4155,17.52,17.52,110.5933,2,2,17.52,0.7237,88.5845,237929.7372,10225.18,2.9693,10225.18,19.516,4.1969,2.3816,3.8212,6097.9123,4753.1,#N/A N/A,1.8945,271.22,0.8826,0.1831,628.43,853.9025,482.1835,754.785,29.378,39.418,35.939,53.5487,46.1337,0.2058,3.01,782
3/31/2016,795.05,12499493,224329.8419,31.7893,1.7371,31.802,5.2533,9.5264,9.5264,6.8419,93.3995,73.3261,1.4759,8.0376,8.0376,25,25.01,151.3423,2,2,25.01,0.7182,91.9624,255636.6709,14327.72,2.1853,14327.72,15.5777,5.6047,3.1457,5.2136,8242.605,7020.98,#N/A N/A,1.6827,271.22,0.8371,0.1778,638.429,860.69,485.5815,763.5883,30.047,40.194,36.303,55.5307,50.078,0.2142,3.0284,739.8
4/29/2016,829.45,10651471,224329.8419,33.1647,1.7935,33.178,5.4806,9.5264,9.5264,6.8419,93.3995,73.3261,1.4759,8.0376,8.0376,25,25.01,151.3423,2,2,25.01,0.7182,91.9624,265342.911,14327.72,2.1853,14327.72,16.2517,5.6047,3.0153,4.9973,8242.605,7020.98,#N/A N/A,1.6827,271.22,0.8371,0.1704,648.844,866.3175,487.916,772.45,25.086,30.851,35.572,56.6391,52.2582,0.2142,3.1594,789.7
5/31/2016,851.15,13308173,224329.8419,34.0324,1.768,34.046,5.624,9.5264,9.5264,6.8419,93.3995,73.3261,1.4759,8.0376,8.0376,25,25.01,151.3423,2,2,25.01,0.7182,91.9624,271465.7426,14327.72,2.1853,14327.72,16.6768,5.6047,2.9384,4.8699,8242.605,7020.98,#N/A N/A,1.6827,271.22,0.8371,0.1661,659.679,872.785,491.4955,783.6267,19.44,24.05,29.843,57.333,53.6338,0.2142,3.2421,830
6/30/2016,799.05,15803330,224329.8419,31.9492,1.6315,31.962,5.2798,9.5264,9.5264,6.8419,93.3995,73.3261,1.4759,8.0376,8.0376,25,25.01,151.3423,2,2,25.01,0.7182,91.9624,256765.3034,14327.72,2.1853,14327.72,15.656,5.6047,3.13,5.1875,8242.605,7020.98,#N/A N/A,1.6827,271.22,0.8371,0.1769,669.169,876.835,494.632,792.4667,23.597,22.747,24.324,55.1411,49.9151,0.2142,3.0436,854
7/29/2016,860.95,12369583,224329.8419,34.4242,1.7258,34.438,5.6888,9.5264,9.5264,6.8419,93.3995,73.3261,1.4759,8.0376,8.0376,25,25.01,151.3423,2,2,25.01,0.7182,91.9624,274230.8924,14327.72,2.1853,14327.72,16.8689,5.6047,2.9049,4.8145,8242.605,7020.98,#N/A N/A,1.6827,271.22,0.8371,0.1642,679.254,878.905,498.3515,802.5233,21.617,22.425,23.281,57.1544,53.9963,0.2142,3.2794,800
8/31/2016,841.1,12420800,224329.8419,33.6305,1.6324,33.644,5.5576,9.5264,9.5264,6.8419,93.3995,73.3261,1.4759,8.0376,8.0376,25,25.01,151.3423,2,2,25.01,0.7182,91.9624,268630.0533,14327.72,2.1853,14327.72,16.4799,5.6047,2.9735,4.9281,8242.605,7020.98,#N/A N/A,1.6827,271.22,0.8371,0.168,688.814,882.45,500.05,811.5717,20.669,20.305,21.507,56.3159,52.5184,0.2142,3.2038,860.2
9/30/2016,923.45,15661574,224329.8419,36.9232,1.7586,36.938,6.1017,9.5264,9.5264,6.8419,93.3995,73.3261,1.4759,8.0376,8.0376,25,25.01,151.3423,2,2,25.01,0.7182,91.9624,291865.7763,14327.72,2.1853,14327.72,18.0934,5.6047,2.7083,4.4887,8242.605,7020.98,#N/A N/A,1.6827,271.22,0.8371,0.1531,699.603,892.665,502.692,823.5133,35.675,26.683,25.91,58.9033,57.692,0.2142,3.5175,844
10/30/2016,935,8913215,224329.8419,37.385,1.7763,37.4,6.178,9.5264,9.5264,6.8419,93.3995,73.3261,1.4759,8.0376,8.0376,25,25.01,151.3423,2,2,25.01,0.7182,91.9624,295124.7029,14327.72,2.1853,14327.72,18.3197,5.6047,2.6749,4.4332,8242.605,7020.98,#N/A N/A,1.6827,271.22,0.8371,0.1512,709.484,899.92,505.675,834.5283,27.927,28.52,25.977,59.2535,58.377,0.2142,3.5615,926
11/30/2016,875.6,16930695,224329.8419,35.01,1.742,35.024,5.7856,9.5264,9.5264,6.8419,93.3995,73.3261,1.4759,8.0376,8.0376,25,25.01,151.3423,2,2,25.01,0.7182,91.9624,278364.5092,14327.72,2.1853,14327.72,17.1559,5.6047,2.8563,4.734,8242.605,7020.98,#N/A N/A,1.6827,271.22,0.8371,0.1614,718.577,904.3925,507.963,845.2983,35.033,33.529,29.801,56.684,53.5729,0.2142,3.3352,942
12/30/2016,888.45,12011653,224329.8419,35.5238,1.7864,35.538,5.8705,9.5264,9.5264,6.8419,93.3995,73.3261,1.4759,8.0376,8.0376,25,25.01,151.3423,2,2,25.01,0.7182,91.9624,281999.1345,14327.72,2.1853,14327.72,17.4077,5.6047,2.815,4.6655,8242.605,7020.98,#N/A N/A,1.6827,271.22,0.8371,0.1591,727.78,904.3,510.5275,855.91,23.857,29.84,29.752,57.1003,54.4463,0.2142,3.3842,876.15
1/31/2017,893.85,9581427,224329.8419,35.7397,1.7225,35.754,5.9061,9.5264,9.5264,6.8419,93.3995,73.3261,1.4759,8.0376,8.0376,25,25.01,151.3423,2,2,25.01,0.7182,91.9624,283522.8425,14327.72,2.1853,14327.72,17.5135,5.6047,2.798,4.6373,8242.605,7020.98,#N/A N/A,1.6827,271.22,0.8371,0.1581,736.984,905.2275,514.5765,863.7283,19.24,22.705,28.141,57.2788,54.8308,0.2142,3.4047,930
2/28/2017,925.5,11411537,224329.8419,37.0052,1.7106,37.02,6.1153,9.5264,9.5264,6.8419,93.3995,73.3261,1.4759,8.0376,8.0376,25,25.01,151.3423,2,2,25.01,0.7182,91.9624,292453.4645,14327.72,2.1853,14327.72,18.1336,5.6047,2.7023,4.4787,8242.605,7020.98,#N/A N/A,1.6827,271.22,0.8371,0.1527,744.923,901.795,521.009,870.6817,21.445,21.003,25.84,58.33,57.1158,0.2142,3.5253,890.25
3/31/2017,852.1,12689386,240435.4857,26.2508,1.1936,21.9338,4.8677,10.3338,10.3338,7.9484,95.6399,74.2517,2.5425,6.1611,5.1464,32.45,32.46,175.0526,2,2,32.46,0.7692,93.8389,277104.1922,20367,1.8006,20367,11.8051,7.3499,3.8094,6.0731,10620.951,9159.67,#N/A N/A,1.6249,271.22,1.2799,0.1965,751.915,893.805,526.3065,875.025,14.502,19.045,20.161,55.0785,50.7091,0.3907,2.7125,925
4/28/2017,894.95,9642680,240435.4857,27.5709,1.2412,23.0368,5.1125,10.3338,10.3338,7.9484,95.6399,74.2517,2.5425,6.1611,5.1464,32.45,32.46,175.0526,2,2,32.46,0.7692,93.8389,289195.0975,20367,1.8006,20367,12.3987,7.3499,3.627,5.7823,10620.951,9159.67,#N/A N/A,1.6249,271.22,1.2799,0.1871,759.781,880.8125,532.295,880.9217,20.609,19.514,19.852,56.5415,53.9561,0.3907,2.8489,850
5/31/2017,636.65,72742261,240435.4857,19.6134,0.8482,16.388,3.6369,10.3338,10.3338,7.9484,95.6399,74.2517,2.5425,6.1611,5.1464,32.45,32.46,175.0526,2,2,32.46,0.7692,93.8389,216311.0639,20367,1.8006,20367,8.8202,7.3499,5.0986,8.1283,10620.951,9159.67,#N/A N/A,1.6249,271.22,1.2799,0.2629,763.256,860.185,537.289,874.825,74.485,45.679,39.744,46.9967,37.7939,0.3907,2.0267,895
6/30/2017,632.8,20450320,240435.4857,19.4948,0.8526,16.2889,3.6149,10.3338,10.3338,7.9484,95.6399,74.2517,2.5425,6.1611,5.1464,32.45,32.46,175.0526,2,2,32.46,0.7692,93.8389,215224.7165,20367,1.8006,20367,8.7669,7.3499,5.1296,8.1778,10620.951,9159.67,#N/A N/A,1.6249,271.22,1.2799,0.2645,766.17,842.25,542.1695,870.245,11.625,45.824,38.497,46.8747,37.613,0.3907,2.0144,639.8
7/31/2017,697.05,19154799,240435.4857,21.4741,0.8932,17.9427,3.9819,10.3338,10.3338,7.9484,95.6399,74.2517,2.5425,6.1611,5.1464,32.45,32.46,175.0526,2,2,32.46,0.7692,93.8389,233354.0203,20367,1.8006,20367,9.657,7.3499,4.6568,7.424,10620.951,9159.67,#N/A N/A,1.6249,271.22,1.2799,0.2402,768.31,828.0525,547.571,869.5083,22.769,46.523,39.688,49.1536,42.5534,0.3907,2.219,633.3
8/31/2017,609.1,18979583,240435.4857,18.7646,0.7998,15.6788,3.4795,10.3338,10.3338,7.9484,95.6399,74.2517,2.5425,6.1611,5.1464,32.45,32.46,175.0526,2,2,32.46,0.7692,93.8389,208537.3313,20367,1.8006,20367,8.4385,7.3499,5.3292,8.496,10620.951,9159.67,#N/A N/A,1.6249,271.22,1.2799,0.2748,769.527,812.4125,551.8675,863.4817,31.922,24.221,41.29,46.3388,38.1051,0.3907,1.939,703
9/29/2017,598.3,28130192,240435.4857,18.4319,0.8162,15.4008,3.4178,10.3338,10.3338,7.9484,95.6399,74.2517,2.5425,6.1611,5.1464,32.45,32.46,175.0526,2,2,32.46,0.7692,93.8389,205489.9153,20367,1.8006,20367,8.2889,7.3499,5.4254,8.6493,10620.951,9159.67,#N/A N/A,1.6249,271.22,1.2799,0.2798,769.961,803.76,555.6055,857.22,25.591,26.979,25.201,46.0041,37.5855,0.3907,1.9046,610
10/31/2017,617.7,14886324,240435.4857,19.0296,0.7937,15.9002,3.5287,10.3338,10.3338,7.9484,95.6399,74.2517,2.5425,6.1611,5.1464,32.45,32.46,175.0526,2,2,32.46,0.7692,93.8389,210963.9774,20367,1.8006,20367,8.5577,7.3499,5.255,8.3777,10620.951,9159.67,#N/A N/A,1.6249,271.22,1.2799,0.271,772.016,797.8625,559.6155,848.1333,15.564,25.31,23.549,46.7192,39.1895,0.3907,1.9664,603
11/30/2017,564.1,25670999,240435.4857,17.3783,0.7276,14.5205,3.2225,10.3338,10.3338,7.9484,95.6399,74.2517,2.5425,6.1611,5.1464,32.45,32.46,175.0526,2,2,32.46,0.7692,93.8389,195839.7713,20367,1.8006,20367,7.8151,7.3499,5.7543,9.1737,10620.951,9159.67,#N/A N/A,1.6249,271.22,1.2799,0.2968,772.679,786.315,562.7585,837.76,19.827,23.656,25.346,45.0154,36.4057,0.3907,1.7957,619
12/29/2017,594.75,22567192,240435.4857,18.3226,0.7899,15.3094,3.3975,10.3338,10.3338,7.9484,95.6399,74.2517,2.5425,6.1611,5.1464,32.45,32.46,175.0526,2,2,32.46,0.7692,93.8389,204488.2255,20367,1.8006,20367,8.2397,7.3499,5.4578,8.7009,10620.951,9159.67,#N/A N/A,1.6249,271.22,1.2799,0.2815,773.302,774.58,566.536,824.4467,20.552,22.355,22.777,46.1765,39.071,0.3907,1.8933,570
1/31/2018,606.2,24198495,240435.4857,18.6753,0.7614,15.6042,3.463,10.3338,10.3338,7.9484,95.6399,74.2517,2.5425,6.1611,5.1464,32.45,32.46,175.0526,2,2,32.46,0.7692,93.8389,207719.051,20367,1.8006,20367,8.3984,7.3499,5.3547,8.5366,10620.951,9159.67,#N/A N/A,1.6249,271.22,1.2799,0.2762,775.109,762.3325,570.217,810.9233,19.893,19.44,21.271,46.6122,40.0813,0.3907,1.9297,597.7
