ate,PX_LAST,PX_VOLUME,HISTORICAL_MARKET_CAP,PE_RATIO,REL_PE_RATIO,T12M_DIL_PE_CONT_OPS,PX_TO_BOOK_RATIO,PROF_MARGIN,TRAIL_12M_PROF_MARGIN,RETURN_ON_ASSET,TOT_DEBT_TO_TOT_EQY,NET_DEBT_TO_SHRHLDR_EQTY,CUR_RATIO,DVD_PAYOUT_RATIO,DVD_PAYOUT_RATIO_NORMALIZED_EARN,IS_DILUTED_EPS,IS_EPS,BOOK_VAL_PER_SH,EQY_DPS,TRAIL_12M_DVD_PER_SH,TRAIL_12M_EPS,ASSET_TURNOVER,RETENTION_RATIO,CURR_ENTP_VAL,EBITDA,NET_DEBT_TO_EBITDA,TRAIL_12M_EBITDA,PX_TO_EBITDA,EBITDA_EV_YIELD,EARN_YLD_HIST,EBIT_YIELD,NET_OPER_PROFIT_AFTER_TAX,NET_INCOME,IS_TOTAL_EXPENDITURES,INVENT_TURN,ARD_TOTAL_SHARE_CAPITAL,QUICK_RATIO,DEBT_TO_MKT_CAP,MOV_AVG_50D,MOV_AVG_20D,MOV_AVG_100D,MOV_AVG_30D,VOLATILITY_20D,VOLATILITY_60D,VOLATILITY_90D,RSI_30D,RSI_14D,CASH_RATIO,PX_TO_SALES_RATIO,PX_OPEN
31/01/2007,159.75,74704799,211809.4998,10.9956,0.5174,10.9956,2.1872,13.4792,13.4792,8.4154,65.989,25.707,2.613,13.7276,13.7276,14.5285,14.5285,73.0388,1.9952,1.9952,14.5285,0.6243,86.2724,230449.2919,28071.42,0.8714,28071.42,6.1879,11.7921,9.0945,11.5783,15817.0946,15795.77,#N/A N/A,1.8153,1473.76,1.2578,0.3075,110.9405,144.0376,84.9508,132.3041,31.157,28.754,26.767,58.6157,60.7923,0.9382,1.4823,160.07
28/02/2007,126.19,122432248,211809.4998,8.686,0.4421,8.686,1.7278,13.4792,13.4792,8.4154,65.989,25.707,2.613,13.7276,13.7276,14.5285,14.5285,73.0388,1.9952,1.9952,14.5285,0.6243,86.2724,187556.3373,28071.42,0.8714,28071.42,4.8882,11.7921,11.5128,14.657,15817.0946,15795.77,#N/A N/A,1.8153,1473.76,1.2578,0.3892,112.4643,145.235,85.7727,133.1595,69.215,47.139,40.3,53.7289,51.9305,0.9382,1.1709,160.43
30/03/2007,118.17,64242253,151060.634,5.0393,0.2685,5.0393,1.1785,13.6336,13.6336,10.6857,61.7414,0.2192,3.0305,6.8863,6.8863,23.4495,23.4495,100.27,1.5417,1.5417,23.4495,0.7838,93.1137,159919.2963,43563.99,0.0069,43563.99,3.0057,27.2399,19.8441,27.3182,26250.0716,25984.15,#N/A N/A,2.445,1043.25,1.8812,0.5589,113.8039,145.7594,86.5276,133.242,36.497,47.715,42.526,52.6429,50.0511,1.5888,0.687,127.87
30/04/2007,132.45,53374563,151060.634,5.6484,0.2835,5.6484,1.321,13.6336,13.6336,10.6857,61.7414,0.2192,3.0305,6.8863,6.8863,23.4495,23.4495,100.27,1.5417,1.5417,23.4495,0.7838,93.1137,178177.7837,43563.99,0.0069,43563.99,3.369,27.2399,17.7041,24.3722,26250.0716,25984.15,#N/A N/A,2.445,1043.25,1.8812,0.4987,115.4509,146.2676,87.4143,134.2812,23.297,46.664,41.679,54.3419,53.2909,1.5888,0.7701,117.9
31/05/2007,127.51,47543332,151060.634,5.4376,0.2603,5.4376,1.2717,13.6336,13.6336,10.6857,61.7414,0.2192,3.0305,6.8863,6.8863,23.4495,23.4495,100.27,1.5417,1.5417,23.4495,0.7838,93.1137,181401.053,43563.99,0.0069,43563.99,3.2433,27.2399,18.3904,25.317,26250.0716,25984.15,#N/A N/A,2.445,1043.25,1.8812,0.4893,117.0888,146.3729,88.2653,134.8106,20.538,27.818,41.318,53.6529,52.0332,1.5888,0.7413,132.41
29/06/2007,145.24,127205527,151060.634,6.1937,0.3313,6.1937,1.4485,13.6336,13.6336,10.6857,61.7414,0.2192,3.0305,6.8863,6.8863,23.4495,23.4495,100.27,1.5417,1.5417,23.4495,0.7838,93.1137,205391.4494,43563.99,0.0069,43563.99,3.6943,27.2399,16.1454,22.2265,26250.0716,25984.15,#N/A N/A,2.445,1043.25,1.8812,0.4296,118.942,148.7446,89.3448,135.6064,31.966,26.927,29.496,55.7356,56.041,1.5888,0.8444,128.33
31/07/2007,154.13,100332105,151060.634,6.5727,0.3303,6.5727,1.5371,13.6336,13.6336,10.6857,61.7414,0.2192,3.0305,6.8863,6.8863,23.4495,23.4495,100.27,1.5417,1.5417,23.4495,0.7838,93.1137,217417.3258,43563.99,0.0069,43563.99,3.9204,27.2399,15.2144,20.9448,26250.0716,25984.15,#N/A N/A,2.445,1043.25,1.8812,0.4048,120.8586,150.7489,90.4902,137.0444,47.839,35.119,32.194,56.7436,57.9382,1.5888,0.8961,146.37
31/08/2007,143.2,59188120,151060.634,6.1067,0.3111,6.1067,1.4281,13.6336,13.6336,10.6857,61.7414,0.2192,3.0305,6.8863,6.8863,23.4495,23.4495,100.27,1.5417,1.5417,23.4495,0.7838,93.1137,202630.4063,43563.99,0.0069,43563.99,3.6424,27.2399,16.3755,22.5432,26250.0716,25984.15,#N/A N/A,2.445,1043.25,1.8812,0.4357,122.4475,151.4064,91.439,137.8562,47.42,43.455,38.17,55.1462,54.806,1.5888,0.8326,154.13
28/09/2007,156.17,56648373,151060.634,6.6597,0.3216,6.6597,1.5575,13.6336,13.6336,10.6857,61.7414,0.2192,3.0305,6.8863,6.8863,23.4495,23.4495,100.27,1.5417,1.5417,23.4495,0.7838,93.1137,220178.3268,43563.99,0.0069,43563.99,3.9723,27.2399,15.0156,20.6711,26250.0716,25984.15,#N/A N/A,2.445,1043.25,1.8812,0.3995,124.1753,151.7419,92.5099,139.3777,29.728,43.82,39.577,56.6445,57.7266,1.5888,0.908,144.33
31/10/2007,178.21,100874584,151060.634,7.5995,0.3225,7.5995,1.7773,13.6336,13.6336,10.6857,61.7414,0.2192,3.0305,6.8863,6.8863,23.4495,23.4495,100.27,1.5417,1.5417,23.4495,0.7838,93.1137,249997.586,43563.99,0.0069,43563.99,4.5328,27.2399,13.1587,18.1148,26250.0716,25984.15,#N/A N/A,2.445,1043.25,1.8812,0.3501,126.1832,153.6986,93.7523,141.9447,56.155,44.515,45.429,59.0493,62.1973,1.5888,1.0361,156.89
30/11/2007,168.14,124587797,151060.634,7.1702,0.3066,7.1702,1.6769,13.6336,13.6336,10.6857,61.7414,0.2192,3.0305,6.8863,6.8863,23.4495,23.4495,100.27,1.5417,1.5417,23.4495,0.7838,93.1137,236376.4429,43563.99,0.0069,43563.99,4.2768,27.2399,13.9465,19.1994,26250.0716,25984.15,#N/A N/A,2.445,1043.25,1.8812,0.3711,127.9763,153.821,94.7137,144.3385,62.847,51.364,50.552,57.5411,59.1215,1.5888,0.9776,180.47
31/12/2007,194.85,74192121,151060.634,8.3092,0.3765,8.3092,1.9432,13.6336,13.6336,10.6857,61.7414,0.2192,3.0305,6.8863,6.8863,23.4495,23.4495,100.27,1.5417,1.5417,23.4495,0.7838,93.1137,272515.4215,43563.99,0.0069,43563.99,4.9561,27.2399,12.0349,16.5677,26250.0716,25984.15,#N/A N/A,2.445,1043.25,1.8812,0.3202,129.9993,153.3857,95.9,147.4251,41.254,52.926,47.212,60.3225,64.1824,1.5888,1.1328,171.4
31/01/2008,148.69,69927089,151060.634,6.3407,0.3306,6.3407,1.4829,13.6336,13.6336,10.6857,61.7414,0.2192,3.0305,6.8863,6.8863,23.4495,23.4495,100.27,1.5417,1.5417,23.4495,0.7838,93.1137,210054.5043,43563.99,0.0069,43563.99,3.782,27.2399,15.7712,21.7113,26250.0716,25984.15,#N/A N/A,2.445,1043.25,1.8812,0.4197,130.859,152.7667,96.6292,148.792,95.617,69.289,63.962,53.9981,52.1624,1.5888,0.8645,195.89
29/02/2008,183.74,80682028,151060.634,7.8354,0.4089,7.8354,1.8324,13.6336,13.6336,10.6857,61.7414,0.2192,3.0305,6.8863,6.8863,23.4495,23.4495,100.27,1.5417,1.5417,23.4495,0.7838,93.1137,257483.079,43563.99,0.0069,43563.99,4.6735,27.2399,12.7625,17.5694,26250.0716,25984.15,#N/A N/A,2.445,1043.25,1.8812,0.3396,132.1317,153.9956,97.8439,150.8403,69.549,73.316,67.315,57.4983,58.5156,1.5888,1.0683,154.08
31/03/2008,149.73,81793662,202609.1832,9.689,0.5834,9.8847,1.1721,3.6548,3.6548,4.3715,171.1597,110.9241,1.572,10.4172,10.5715,15.3719,15.4535,127.7479,1.6778,1.6778,15.4535,1.1961,89.5828,428420.3638,63212.5,3.3169,63212.5,3.3613,14.7544,10.321,18.0652,31110.3798,21933.2,#N/A N/A,5.0961,1230.6,0.9138,1.5969,133.145,154.1973,98.6227,151.6511,84.152,84.654,73.025,53.4187,51.385,0.5747,0.3541,178.02
30/04/2008,175.8,41036248,202609.1832,11.3762,0.6199,11.6059,1.3762,3.6548,3.6548,4.3715,171.1597,110.9241,1.572,10.4172,10.5715,15.3719,15.4535,127.7479,1.6778,1.6778,15.4535,1.1961,89.5828,463700.3514,63212.5,3.3169,63212.5,3.9467,14.7544,8.7903,15.3859,31110.3798,21933.2,#N/A N/A,5.0961,1230.6,0.9138,1.36,134.5352,155.1813,99.692,154.251,39.964,68.295,72.069,55.9003,55.8291,0.5747,0.4157,145.19
30/05/2008,174.4,81922692,202609.1832,11.2852,0.6481,11.5132,1.3652,3.6548,3.6548,4.3715,171.1597,110.9241,1.572,10.4172,10.5715,15.3719,15.4535,127.7479,1.6778,1.6778,15.4535,1.1961,89.5828,461798.2999,63212.5,3.3169,63212.5,3.9151,14.7544,8.8612,15.5099,31110.3798,21933.2,#N/A N/A,5.0961,1230.6,0.9138,1.371,135.9411,156.1268,100.7817,156.2628,51.176,61.255,74.13,55.7347,55.5343,0.5747,0.4124,179.57
30/06/2008,129.05,49832653,202609.1832,8.3509,0.5839,8.5196,1.0102,3.6548,3.6548,4.3715,171.1597,110.9241,1.572,10.4172,10.5715,15.3719,15.4535,127.7479,1.6778,1.6778,15.4535,1.1961,89.5828,400441.9387,63212.5,3.3169,63212.5,2.8972,14.7544,11.9747,20.9596,31110.3798,21933.2,#N/A N/A,5.0961,1230.6,0.9138,1.8527,136.6209,154.0205,101.4313,156.2295,47.224,49.029,58.039,50.7206,46.9276,0.5747,0.3052,170.5
31/07/2008,128.19,60492377,202609.1832,8.2952,0.5371,8.4627,1.0035,3.6548,3.6548,4.3715,171.1597,110.9241,1.572,10.4172,10.5715,15.3719,15.4535,127.7479,1.6778,1.6778,15.4535,1.1961,89.5828,399276.1642,63212.5,3.3169,63212.5,2.8778,14.7544,12.0552,21.1005,31110.3798,21933.2,#N/A N/A,5.0961,1230.6,0.9138,1.8652,137.6397,152.5785,102.089,155.5207,50.867,54.265,52.397,50.631,46.7792,0.5747,0.3031,129.78
29/08/2008,122.4,65511441,202609.1832,7.9205,0.5085,8.0805,0.9581,3.6548,3.6548,4.3715,171.1597,110.9241,1.572,10.4172,10.5715,15.3719,15.4535,127.7479,1.6778,1.6778,15.4535,1.1961,89.5828,433934.34,63212.5,3.3169,63212.5,2.7478,14.7544,12.6254,22.0986,31110.3798,21933.2,#N/A N/A,5.0961,1230.6,0.9138,1.5546,138.387,150.7995,102.708,154.9649,40.485,48.879,49.657,50.0173,45.733,0.5747,0.2894,128.69
30/09/2008,98.25,64628928,202609.1832,6.3578,0.4593,6.4862,0.7691,3.6548,3.6548,4.3715,171.1597,110.9241,1.572,10.4172,10.5715,15.3719,15.4535,127.7479,1.6778,1.6778,15.4535,1.1961,89.5828,392872.8014,63212.5,3.3169,63212.5,2.2057,14.7544,15.7288,27.5305,31110.3798,21933.2,#N/A N/A,5.0961,1230.6,0.9138,1.9367,138.4723,147.7245,103.0736,152.7169,33.944,41.467,46.446,47.531,41.5578,0.5747,0.2323,122
31/10/2008,60.5,246090116,202609.1832,3.915,0.3716,3.994,0.4736,3.6548,3.6548,4.3715,171.1597,110.9241,1.572,10.4172,10.5715,15.3719,15.4535,127.7479,1.6778,1.6778,15.4535,1.1961,89.5828,328687.5953,63212.5,3.3169,63212.5,1.3582,14.7544,25.543,44.7086,31110.3798,21933.2,#N/A N/A,5.0961,1230.6,0.9138,3.1451,137.6716,144.4397,103.0032,147.9485,155.903,93.192,81.881,43.9948,36.0218,0.5747,0.1431,99.9
28/11/2008,52.95,173611936,202609.1832,3.4264,0.3506,3.4956,0.4145,3.6548,3.6548,4.3715,171.1597,110.9241,1.572,10.4172,10.5715,15.3719,15.4535,127.7479,1.6778,1.6778,15.4535,1.1961,89.5828,315850.5492,63212.5,3.3169,63212.5,1.1887,14.7544,29.1851,51.0835,31110.3798,21933.2,#N/A N/A,5.0961,1230.6,0.9138,3.5935,136.4167,141.1788,102.851,144.3446,96.691,101.12,85.72,43.3278,35.0171,0.5747,0.1252,63
31/12/2008,51.4,147038432,202609.1832,3.3261,0.2909,3.3933,0.4024,3.6548,3.6548,4.3715,171.1597,110.9241,1.572,10.4172,10.5715,15.3719,15.4535,127.7479,1.6778,1.6778,15.4535,1.1961,89.5828,313215.1292,63212.5,3.3169,63212.5,1.1539,14.7544,30.0652,52.6239,31110.3798,21933.2,#N/A N/A,5.0961,1230.6,0.9138,3.7019,135.4192,137.1262,102.6815,140.7526,52.257,104.128,87.599,43.1888,34.8025,0.5747,0.1215,53
30/01/2009,48.95,108732665,202609.1832,3.1676,0.2793,3.2315,0.3832,3.6548,3.6548,4.3715,171.1597,110.9241,1.572,10.4172,10.5715,15.3719,15.4535,127.7479,1.6778,1.6778,15.4535,1.1961,89.5828,309049.4653,63212.5,3.3169,63212.5,1.0989,14.7544,31.57,55.2578,31110.3798,21933.2,#N/A N/A,5.0961,1230.6,0.9138,3.8872,134.1657,133.1982,102.4775,137.5279,65.753,67.107,91.008,42.9633,34.4431,0.5747,0.1157,52.4
27/02/2009,38.6,80782709,202609.1832,2.4978,0.234,2.5483,0.3022,3.6548,3.6548,4.3715,171.1597,110.9241,1.572,10.4172,10.5715,15.3719,15.4535,127.7479,1.6778,1.6778,15.4535,1.1961,89.5828,291451.6604,63212.5,3.3169,63212.5,0.8666,14.7544,40.035,70.0744,31110.3798,21933.2,#N/A N/A,5.0961,1230.6,0.9138,4.9295,132.5103,127.8662,102.2538,133.6105,40.673,54.155,87.179,42.0051,32.8978,0.5747,0.0913,48.2
31/03/2009,52.05,148398391,88527.5278,16.215,1.2807,1.7456,0.5618,0.7353,0.7353,0.7011,166.0861,128.332,1.2379,47.7741,5.1502,3.21,3.21,92.6512,1.35,1.35,3.21,0.9535,52.2259,320113.6053,37924.3,5.7679,37924.3,2.0659,11.8461,6.1671,9.7375,12150.1458,4838.9,#N/A N/A,4.1225,1704.6,0.6722,3.1989,131.3316,122.7624,102.1803,130.1626,71.995,63.153,58.555,43.6934,36.8621,0.33,0.1191,38.4
29/04/2009,53.75,187897686,88527.5278,16.7445,1.1259,1.8026,0.5801,0.7353,0.7353,0.7011,166.0861,128.332,1.2379,47.7741,5.1502,3.21,3.21,92.6512,1.35,1.35,3.21,0.9535,52.2259,323004.066,37924.3,5.7679,37924.3,2.1334,11.8461,5.9721,9.4295,12150.1458,4838.9,#N/A N/A,4.1225,1704.6,0.6722,3.0977,130.0297,118.2899,102.0879,126.2483,73.235,62.488,60.938,43.9069,37.3658,0.33,0.1229,52
29/05/2009,84.65,223652818,88527.5278,26.3707,1.385,2.8389,0.9136,0.7353,0.7353,0.7011,166.0861,128.332,1.2379,47.7741,5.1502,3.21,3.21,92.6512,1.35,1.35,3.21,0.9535,52.2259,375542.4398,37924.3,5.7679,37924.3,3.3598,11.8461,3.7921,5.9874,12150.1458,4838.9,#N/A N/A,4.1225,1704.6,0.6722,1.9669,129.5123,114.7141,102.2797,123.8357,74.654,73.929,69.195,47.6402,45.8254,0.33,0.1936,55.9
30/06/2009,86.45,316585599,88527.5278,26.9315,1.364,2.8993,0.9331,0.7353,0.7353,0.7011,166.0861,128.332,1.2379,47.7741,5.1502,3.21,3.21,92.6512,1.35,1.35,3.21,0.9535,52.2259,378602.9276,37924.3,5.7679,37924.3,3.4313,11.8461,3.7131,5.8627,12150.1458,4838.9,#N/A N/A,4.1225,1704.6,0.6722,1.926,129.2173,110.1263,102.4927,121.4513,67.427,73.675,70.715,47.8493,46.2806,0.33,0.1977,85
31/07/2009,100.3,186229818,88527.5278,31.2461,1.4637,3.3637,1.0826,0.7353,0.7353,0.7011,166.0861,128.332,1.2379,47.7741,5.1502,3.21,3.21,92.6512,1.35,1.35,3.21,0.9535,52.2259,402151.6809,37924.3,5.7679,37924.3,3.981,11.8461,3.2004,5.0532,12150.1458,4838.9,#N/A N/A,4.1225,1704.6,0.6722,1.66,129.2968,106.7344,102.8376,119.4696,61.093,67.375,72.871,49.4564,49.7771,0.33,0.2294,85
31/08/2009,106,268099139,88527.5278,33.0218,1.5452,3.5549,1.1441,0.7353,0.7353,0.7011,166.0861,128.332,1.2379,47.7741,5.1502,3.21,3.21,92.6512,1.35,1.35,3.21,0.9535,52.2259,411843.2256,37924.3,5.7679,37924.3,4.2072,11.8461,3.0283,4.7815,12150.1458,4838.9,#N/A N/A,4.1225,1704.6,0.6722,1.5708,129.3719,102.292,103.2067,118.7965,58.787,63.802,69.726,50.111,51.1853,0.33,0.2425,105
30/09/2009,129.05,278884723,88527.5278,40.2025,1.5878,4.3279,1.3929,0.7353,0.7353,0.7011,166.0861,128.332,1.2379,47.7741,5.1502,3.21,3.21,92.6512,1.35,1.35,3.21,0.9535,52.2259,451034.472,37924.3,5.7679,37924.3,5.1221,11.8461,2.4874,3.9274,12150.1458,4838.9,#N/A N/A,4.1225,1704.6,0.6722,1.2902,129.7993,101.3103,103.7572,119.1592,50.705,58.825,60.48,52.6748,56.4974,0.33,0.2952,106.05
30/10/2009,121.85,189265976,88527.5278,37.9595,1.6163,4.0865,1.3151,0.7353,0.7353,0.7011,166.0861,128.332,1.2379,47.7741,5.1502,3.21,3.21,92.6512,1.35,1.35,3.21,0.9535,52.2259,438793.6216,37924.3,5.7679,37924.3,4.8363,11.8461,2.6344,4.1595,12150.1458,4838.9,#N/A N/A,4.1225,1704.6,0.6722,1.3664,129.7905,98.2159,104.2675,118.8058,59.47,55.805,57.83,51.8144,54.5022,0.33,0.2787,130
30/11/2009,138.1,174420329,88527.5278,43.0218,1.7114,4.6314,1.4905,0.7353,0.7353,0.7011,166.0861,128.332,1.2379,47.7741,5.1502,3.21,3.21,92.6512,1.35,1.35,3.21,0.9535,52.2259,466423.172,37924.3,5.7679,37924.3,5.4813,11.8461,2.3244,3.6701,12150.1458,4838.9,#N/A N/A,4.1225,1704.6,0.6722,1.2057,130.0445,97.6345,105.0115,119.1588,48.49,58.137,58.817,53.5846,58.0987,0.33,0.3159,118.4
31/12/2009,160.85,237456822,88527.5278,50.109,2.0808,5.3944,1.7361,0.7353,0.7353,0.7011,166.0861,128.332,1.2379,47.7741,5.1502,3.21,3.21,92.6512,1.35,1.35,3.21,0.9535,52.2259,539390.215,37924.3,5.7679,37924.3,6.3843,11.8461,1.9956,3.151,12150.1458,4838.9,#N/A N/A,4.1225,1704.6,0.6722,0.9198,131.3053,96.8869,106.0496,119.6792,44.248,53.794,52.581,55.9293,62.5607,0.33,0.3679,138.5
29/01/2010,147.35,235986577,88527.5278,45.9034,2.0346,4.9417,1.5904,0.7353,0.7353,0.7011,166.0861,128.332,1.2379,47.7741,5.1502,3.21,3.21,92.6512,1.35,1.35,3.21,0.9535,52.2259,513558.994,37924.3,5.7679,37924.3,5.8484,11.8461,2.1785,3.4397,12150.1458,4838.9,#N/A N/A,4.1225,1704.6,0.6722,1.0041,131.9715,95.5346,107.0884,119.4533,42.918,45.401,51.899,54.2471,58.5746,0.33,0.337,162
26/02/2010,162.65,268719103,88527.5278,50.6698,2.2368,5.4548,1.7555,0.7353,0.7353,0.7011,166.0861,128.332,1.2379,47.7741,5.1502,3.21,3.21,92.6512,1.35,1.35,3.21,0.9535,52.2259,542834.5336,37924.3,5.7679,37924.3,6.4557,11.8461,1.9736,3.1161,12150.1458,4838.9,#N/A N/A,4.1225,1704.6,0.6722,0.9096,132.6235,97.2145,108.238,120.1016,52.949,45.976,52.177,55.8056,61.5636,0.33,0.372,145
31/03/2010,181.25,198143859,346914.0752,8.1755,0.399,15.2469,1.6102,6.4822,6.4822,5.8315,110.7315,75.9448,1.4765,6.6211,12.3417,22.16,22.17,112.5629,1.35,1.35,22.17,0.8996,93.3789,540999.994,94746.8,1.8662,94746.8,3.3878,17.5101,12.2317,20.8522,47099.6301,39254.7,#N/A N/A,3.8561,1913.7,0.744,0.7433,133.2594,99.8675,109.4555,120.9377,33.791,43.652,42.581,57.621,64.8811,0.4115,0.53,164
30/04/2010,178.5,114235000,346914.0752,8.0514,0.3924,15.0156,1.5858,6.4822,6.4822,5.8315,110.7315,75.9448,1.4765,6.6211,12.3417,22.16,22.17,112.5629,1.35,1.35,22.17,0.8996,93.3789,535737.9734,94746.8,1.8662,94746.8,3.3364,17.5101,12.4202,21.1734,47099.6301,39254.7,#N/A N/A,3.8561,1913.7,0.744,0.7548,134.0479,102.6725,110.6955,120.9475,29.289,39.714,41.87,57.2612,64.0015,0.4115,0.522,182
31/05/2010,150.25,218080834,346914.0752,6.7772,0.335,12.6392,1.3348,6.4822,6.4822,5.8315,110.7315,75.9448,1.4765,6.6211,12.3417,22.16,22.17,112.5629,1.35,1.35,22.17,0.8996,93.3789,481684.8168,94746.8,1.8662,94746.8,2.8084,17.5101,14.7554,25.1544,47099.6301,39254.7,#N/A N/A,3.8561,1913.7,0.744,0.8967,133.7391,105.2725,111.5839,120.3513,54.392,41.918,44.104,53.6983,55.6548,0.4115,0.4394,176
30/06/2010,144.5,352735459,346914.0752,6.5178,0.3259,12.1555,1.2837,6.4822,6.4822,5.8315,110.7315,75.9448,1.4765,6.6211,12.3417,22.16,22.17,112.5629,1.35,1.35,22.17,0.8996,93.3789,470682.328,94746.8,1.8662,94746.8,2.7009,17.5101,15.3426,26.1554,47099.6301,39254.7,#N/A N/A,3.8561,1913.7,0.744,0.9324,132.5581,109.4725,112.3635,118.673,46.221,45.985,43.184,53.0039,54.1081,0.4115,0.4226,149.7
30/07/2010,160.35,168389465,346914.0752,7.2327,0.3582,13.4888,1.4245,6.4822,6.4822,5.8315,110.7315,75.9448,1.4765,6.6211,12.3417,22.16,22.17,112.5629,1.35,1.35,22.17,0.8996,93.3789,501013.7267,94746.8,1.8662,94746.8,2.9971,17.5101,13.826,23.57,47099.6301,39254.7,#N/A N/A,3.8561,1913.7,0.744,0.8402,132.5438,114.8425,113.3083,119.0618,19.476,40.397,39.877,54.6753,57.6057,0.4115,0.4689,143
31/08/2010,166.4,145922328,346914.0752,7.5056,0.3696,13.9977,1.4783,6.4822,6.4822,5.8315,110.7315,75.9448,1.4765,6.6211,12.3417,22.16,22.17,112.5629,1.35,1.35,22.17,0.8996,93.3789,512590.3641,94746.8,1.8662,94746.8,3.1102,17.5101,13.3233,22.7131,47099.6301,39254.7,#N/A N/A,3.8561,1913.7,0.744,0.8097,132.6886,120.5925,114.3493,118.4839,32.748,29.535,40.211,55.303,58.8935,0.4115,0.4866,161.4
30/09/2010,197.05,148835574,346914.0752,8.8881,0.4225,16.576,1.7506,6.4822,6.4822,5.8315,110.7315,75.9448,1.4765,6.6211,12.3417,22.16,22.17,112.5629,1.35,1.35,22.17,0.8996,93.3789,571242.8931,94746.8,1.8662,94746.8,3.6831,17.5101,11.251,19.1802,47099.6301,39254.7,#N/A N/A,3.8561,1913.7,0.744,0.6837,133.7157,127.9975,115.7274,120.0613,35.925,30.708,34.631,58.3276,64.7377,0.4115,0.5762,167.6
29/10/2010,210.5,156483309,346914.0752,9.4948,0.4521,17.7074,1.8701,6.4822,6.4822,5.8315,110.7315,75.9448,1.4765,6.6211,12.3417,22.16,22.17,112.5629,1.35,1.35,22.17,0.8996,93.3789,596984.7928,94746.8,1.8662,94746.8,3.9345,17.5101,10.5321,17.9546,47099.6301,39254.7,#N/A N/A,3.8561,1913.7,0.744,0.64,134.8033,136.5925,117.2249,121.2179,37.01,36.127,32.364,59.5695,66.9577,0.4115,0.6156,197.5
30/11/2010,206.55,158064006,346914.0752,9.3166,0.4557,17.3752,1.835,6.4822,6.4822,5.8315,110.7315,75.9448,1.4765,6.6211,12.3417,22.16,22.17,112.5629,1.35,1.35,22.17,0.8996,93.3789,589437.8899,94746.8,1.8662,94746.8,3.8607,17.5101,10.7335,18.298,47099.6301,39254.7,#N/A N/A,3.8561,1913.7,0.744,0.6522,135.8245,144.3175,118.7568,122.2897,45.79,38.151,36.593,59.035,65.6505,0.4115,0.604,214.9
31/12/2010,247,153137237,346914.0752,11.1412,0.5459,20.7779,2.1943,6.4822,6.4822,5.8315,110.7315,75.9448,1.4765,6.6211,12.3417,22.16,22.17,112.5629,1.35,1.35,22.17,0.8996,93.3789,666852.3348,94746.8,1.8662,94746.8,4.6167,17.5101,8.9757,15.3014,47099.6301,39254.7,#N/A N/A,3.8561,1913.7,0.744,0.5454,137.341,153.98,120.7201,126.2213,37.407,39.658,37.952,62.591,71.7358,0.4115,0.7223,207.05
31/01/2011,229.65,188326507,346914.0752,10.3586,0.5683,19.3184,2.0402,6.4822,6.4822,5.8315,110.7315,75.9448,1.4765,6.6211,12.3417,22.16,22.17,112.5629,1.35,1.35,22.17,0.8996,93.3789,633816.9857,94746.8,1.8662,94746.8,4.2925,17.5101,9.6538,16.4574,47099.6301,39254.7,#N/A N/A,3.8561,1913.7,0.744,0.5864,138.7934,161.23,122.5709,129.6033,47.414,43.205,40.701,60.2696,66.3095,0.4115,0.6716,248
28/02/2011,201.35,217865792,346914.0752,9.0821,0.5153,16.9377,1.7888,6.4822,6.4822,5.8315,110.7315,75.9448,1.4765,6.6211,12.3417,22.16,22.17,112.5629,1.35,1.35,22.17,0.8996,93.3789,579645.8564,94746.8,1.8662,94746.8,3.7635,17.5101,11.0107,18.7706,47099.6301,39254.7,#N/A N/A,3.8561,1913.7,0.744,0.6688,139.6608,166.975,124.1639,132.235,43.712,42.653,42.309,56.7199,58.5321,0.4115,0.5888,230.5
31/03/2011,209.15,175460624,400510.5717,16.2889,0.8255,17.2658,1.38,3.421,3.421,3.1879,94.3022,68.5042,1.6398,11.7124,12.3417,12.83,12.84,151.5621,1.5,1.5,12.84,0.9319,88.2876,636574.3311,79068.4,2.7066,79068.4,5.0623,12.4187,6.1391,12.9234,38184.1997,24563.7,#N/A N/A,3.6905,1914.6,0.789,0.7358,140.6488,172.4175,125.7946,135.9317,30.389,41.683,39.798,57.4347,59.9272,0.4076,0.5575,203.15
29/04/2011,216.05,108522185,400510.5717,16.8263,0.8663,#N/A N/A,1.4255,3.421,3.421,3.1879,94.3022,68.5042,1.6398,11.7124,12.3417,12.83,12.84,151.5621,1.5,1.5,12.84,0.9319,88.2876,649783.6769,79068.4,2.7066,79068.4,5.2293,12.4187,5.9431,12.5107,38184.1997,24563.7,#N/A N/A,3.6905,1914.6,0.789,0.7123,142.4459,177.92,127.4551,141.1167,32.442,37.017,38.493,58.0685,61.1716,0.4076,0.5758,209.7
31/05/2011,197.35,125658761,400510.5717,15.3699,0.8183,#N/A N/A,1.3021,3.421,3.421,3.1879,94.3022,68.5042,1.6398,11.7124,12.3417,12.83,12.84,151.5621,1.5,1.5,12.84,0.9319,88.2876,613987.832,79068.4,2.7066,79068.4,4.7767,12.4187,6.5062,13.6961,38184.1997,24563.7,#N/A N/A,3.6905,1914.6,0.789,0.7798,144.0295,181.335,128.9167,145.93,38.208,33.397,36.315,55.7417,56.088,0.4076,0.526,216.25
30/06/2011,180.55,135756963,400510.5717,14.0615,0.7911,#N/A N/A,1.1913,3.421,3.421,3.1879,94.3022,68.5042,1.6398,11.7124,12.3417,12.83,12.84,151.5621,1.5,1.5,12.84,0.9319,88.2876,581826.4067,79068.4,2.7066,79068.4,4.3701,12.4187,7.1116,14.9706,38184.1997,24563.7,#N/A N/A,3.6905,1914.6,0.789,0.8523,144.9915,184.27,130.2212,150.235,28.658,32.872,32.731,53.7405,51.9139,0.4076,0.4812,198.25
29/07/2011,168.45,132347496,400510.5717,13.1192,0.7644,#N/A N/A,1.1114,3.421,3.421,3.1879,94.3022,68.5042,1.6398,11.7124,12.3417,12.83,12.84,151.5621,1.5,1.5,12.84,0.9319,88.2876,558661.8713,79068.4,2.7066,79068.4,4.0772,12.4187,7.6224,16.0459,38184.1997,24563.7,#N/A N/A,3.6905,1914.6,0.789,0.9135,145.8103,185.7875,131.4496,154.2183,37.872,35.593,34.275,52.3404,49.0808,0.4076,0.449,184.35
30/08/2011,150.6,179890352,400510.5717,11.729,0.7323,#N/A N/A,0.9937,3.421,3.421,3.1879,94.3022,68.5042,1.6398,11.7124,12.3417,12.83,12.84,151.5621,1.5,1.5,12.84,0.9319,88.2876,524492.0853,79068.4,2.7066,79068.4,3.6451,12.4187,8.5259,17.9478,38184.1997,24563.7,#N/A N/A,3.6905,1914.6,0.789,1.0218,145.9175,185.275,132.4297,157.9517,53.673,41.127,38.399,50.339,45.165,0.4076,0.4014,170.75
30/09/2011,131.45,161868521,400510.5717,10.2375,0.6501,#N/A N/A,0.8673,3.421,3.421,3.1879,94.3022,68.5042,1.6398,11.7124,12.3417,12.83,12.84,151.5621,1.5,1.5,12.84,0.9319,88.2876,487837.1957,79068.4,2.7066,79068.4,3.1816,12.4187,9.768,20.5624,38184.1997,24563.7,#N/A N/A,3.6905,1914.6,0.789,1.1706,145.464,184.48,133.1613,160.5983,48.81,46.005,42.634,48.2897,41.3531,0.4076,0.3504,155
31/10/2011,135.95,206363966,400510.5717,10.588,0.6248,#N/A N/A,0.897,3.421,3.421,3.1879,94.3022,68.5042,1.6398,11.7124,12.3417,12.83,12.84,151.5621,1.5,1.5,12.84,0.9319,88.2876,496457.926,79068.4,2.7066,79068.4,3.2905,12.4187,9.4446,19.8818,38184.1997,24563.7,#N/A N/A,3.6905,1914.6,0.789,1.1319,145.319,183.145,133.8833,163.3383,61.224,53.677,48.653,48.7964,42.5795,0.4076,0.3624,128.55
30/11/2011,122.95,153205236,400510.5717,9.5755,0.6208,#N/A N/A,0.8112,3.421,3.421,3.1879,94.3022,68.5042,1.6398,11.7124,12.3417,12.83,12.84,151.5621,1.5,1.5,12.84,0.9319,88.2876,471569.5872,79068.4,2.7066,79068.4,2.9759,12.4187,10.4433,21.984,38184.1997,24563.7,#N/A N/A,3.6905,1914.6,0.789,1.2515,144.6546,180.23,134.415,164.615,49.545,52.057,50.012,47.4081,39.9786,0.4076,0.3277,135.35
30/12/2011,115.85,188844518,400510.5717,9.0226,0.6099,#N/A N/A,0.7644,3.421,3.421,3.1879,94.3022,68.5042,1.6398,11.7124,12.3417,12.83,12.84,151.5621,1.5,1.5,12.84,0.9319,88.2876,457976.417,79068.4,2.7066,79068.4,2.804,12.4187,11.0833,23.3313,38184.1997,24563.7,#N/A N/A,3.6905,1914.6,0.789,1.3282,143.4075,177.0975,134.7953,165.595,44.536,51.969,50.992,46.6581,38.5921,0.4076,0.3088,129.45
31/01/2012,146.6,207157159,400510.5717,11.4174,0.6915,#N/A N/A,0.9673,3.421,3.421,3.1879,94.3022,68.5042,1.6398,11.7124,12.3417,12.83,12.84,151.5621,1.5,1.5,12.84,0.9319,88.2876,516848.6928,79068.4,2.7066,79068.4,3.5483,12.4187,8.7585,18.4375,38184.1997,24563.7,#N/A N/A,3.6905,1914.6,0.789,1.0496,142.9768,176.915,135.4765,167.1383,54.073,52.767,53.483,50.1888,47.1423,0.4076,0.3907,117
29/02/2012,148.9,261385069,400510.5717,11.5966,0.6802,#N/A N/A,0.9824,3.421,3.421,3.1879,94.3022,68.5042,1.6398,11.7124,12.3417,12.83,12.84,151.5621,1.5,1.5,12.84,0.9319,88.2876,521252.7573,79068.4,2.7066,79068.4,3.604,12.4187,8.6232,18.1527,38184.1997,24563.7,#N/A N/A,3.6905,1914.6,0.789,1.0334,142.0578,177.135,136.0285,168.5683,53.748,52.63,54.046,50.4426,47.7285,0.4076,0.3969,147.2
30/03/2012,129.4,254874170,247812.4593,7.2943,0.4706,6.3567,0.7766,4.1975,4.1975,3.6473,122.0745,97.8429,1.6264,8.752,7.6271,17.74,17.74,166.631,1.55,1.55,17.74,0.8689,91.248,593783.8812,88416.1,3.7205,88416.1,2.8019,14.8885,13.7094,25.0125,51247.2123,33969.5,#N/A N/A,3.7505,1914.8,0.7962,1.6566,141.6721,175.5875,136.2655,168.58,42.677,50.908,51.935,48.2847,43.3397,0.4013,0.3061,147.3
30/04/2012,120.75,159421613,247812.4593,6.8067,0.4413,5.9318,0.7247,4.1975,4.1975,3.6473,122.0745,97.8429,1.6264,8.752,7.6271,17.74,17.74,166.631,1.55,1.55,17.74,0.8689,91.248,577223.0898,88416.1,3.7205,88416.1,2.6146,14.8885,14.6915,26.8043,51247.2123,33969.5,#N/A N/A,3.7505,1914.8,0.7962,1.7753,140.4124,173.305,136.272,168.5433,43.21,44.538,47.163,47.3551,41.516,0.4013,0.2857,130
31/05/2012,116.65,218757605,247812.4593,6.5755,0.4558,5.7303,0.7,4.1975,4.1975,3.6473,122.0745,97.8429,1.6264,8.752,7.6271,17.74,17.74,166.631,1.55,1.55,17.74,0.8689,91.248,569373.4661,88416.1,3.7205,88416.1,2.5258,14.8885,15.2079,27.7464,51247.2123,33969.5,#N/A N/A,3.7505,1914.8,0.7962,1.8377,139.7508,169.285,136.4479,167.8283,33.216,35.685,44.276,46.9123,40.643,0.4013,0.276,120.15
29/06/2012,119.9,141166169,247812.4593,6.7587,0.4345,5.89,0.7196,4.1975,4.1975,3.6473,122.0745,97.8429,1.6264,8.752,7.6271,17.74,17.74,166.631,1.55,1.55,17.74,0.8689,91.248,575595.7288,88416.1,3.7205,88416.1,2.5962,14.8885,14.7957,26.9943,51247.2123,33969.5,#N/A N/A,3.7505,1914.8,0.7962,1.7879,138.6327,164.755,136.584,166.4633,31.001,32.748,37.535,47.3163,41.6897,0.4013,0.2836,115.6
31/07/2012,120.1,125673148,247812.4593,6.77,0.4403,5.8998,0.7208,4.1975,4.1975,3.6473,122.0745,97.8429,1.6264,8.752,7.6271,17.74,17.74,166.631,1.55,1.55,17.74,0.8689,91.248,575978.6372,88416.1,3.7205,88416.1,2.6005,14.8885,14.771,26.9494,51247.2123,33969.5,#N/A N/A,3.7505,1914.8,0.7962,1.7849,137.5468,160.4325,136.744,165.555,31.801,31.372,33.769,47.3418,41.7577,0.4013,0.2841,120.3
31/08/2012,103.85,123647387,247812.4593,5.854,0.3761,5.1016,0.6232,4.1975,4.1975,3.6473,122.0745,97.8429,1.6264,8.752,7.6271,17.74,17.74,166.631,1.55,1.55,17.74,0.8689,91.248,544870.8228,88416.1,3.7205,88416.1,2.2487,14.8885,17.0823,31.1663,51247.2123,33969.5,#N/A N/A,3.7505,1914.8,0.7962,2.0642,137.0428,153.275,136.8318,163.595,27.482,29.599,29.704,45.4903,37.888,0.4013,0.2457,120
28/09/2012,120.7,164155821,247812.4593,6.8038,0.4184,5.9293,0.7244,4.1975,4.1975,3.6473,122.0745,97.8429,1.6264,8.752,7.6271,17.74,17.74,166.631,1.55,1.55,17.74,0.8689,91.248,577131.7976,88416.1,3.7205,88416.1,2.6135,14.8885,14.6976,26.8154,51247.2123,33969.5,#N/A N/A,3.7505,1914.8,0.7962,1.776,136.893,147.8275,137.2664,161.5767,40.524,34.089,32.028,47.685,43.7129,0.4013,0.2855,105.4
31/10/2012,116.55,118273310,247812.4593,6.5699,0.4096,5.7254,0.6994,4.1975,4.1975,3.6473,122.0745,97.8429,1.6264,8.752,7.6271,17.74,17.74,166.631,1.55,1.55,17.74,0.8689,91.248,569186.2943,88416.1,3.7205,88416.1,2.5237,14.8885,15.2209,27.7702,51247.2123,33969.5,#N/A N/A,3.7505,1914.8,0.7962,1.8393,136.776,143.5875,137.5815,159.5117,32.345,34.386,33.23,47.2008,42.6519,0.4013,0.2757,120.5
30/11/2012,116.6,100287881,247812.4593,6.5727,0.3921,5.7279,0.6997,4.1975,4.1975,3.6473,122.0745,97.8429,1.6264,8.752,7.6271,17.74,17.74,166.631,1.55,1.55,17.74,0.8689,91.248,569282.0232,88416.1,3.7205,88416.1,2.5247,14.8885,15.2144,27.7583,51247.2123,33969.5,#N/A N/A,3.7505,1914.8,0.7962,1.8385,137.143,138.96,137.8076,158.39,26.563,33.637,32.49,47.2075,42.67,0.4013,0.2758,116.85
31/12/2012,130.5,150351946,247812.4593,7.3563,0.4394,6.4107,0.7832,4.1975,4.1975,3.6473,122.0745,97.8429,1.6264,8.752,7.6271,17.74,17.74,166.631,1.55,1.55,17.74,0.8689,91.248,595894.6728,88416.1,3.7205,88416.1,2.8257,14.8885,13.5939,24.8017,51247.2123,33969.5,#N/A N/A,3.7505,1914.8,0.7962,1.6426,138.543,134.6825,138.1073,157.9233,32.058,30.026,32.668,49.0612,47.6079,0.4013,0.3087,116.9
31/01/2013,116.2,149867779,247812.4593,6.5502,0.382,5.7082,0.6973,4.1975,4.1975,3.6473,122.0745,97.8429,1.6264,8.752,7.6271,17.74,17.74,166.631,1.55,1.55,17.74,0.8689,91.248,568516.6455,88416.1,3.7205,88416.1,2.5161,14.8885,15.2668,27.8539,51247.2123,33969.5,#N/A N/A,3.7505,1914.8,0.7962,1.8448,139.808,130.625,138.1124,156.4517,29.642,29.495,30.077,47.2939,43.4606,0.4013,0.2749,131.5
28/02/2013,98.9,160454623,247812.4593,5.575,0.3429,4.8584,0.5935,4.1975,4.1975,3.6473,122.0745,97.8429,1.6264,8.752,7.6271,17.74,17.74,166.631,1.55,1.55,17.74,0.8689,91.248,535394.3595,88416.1,3.7205,88416.1,2.1415,14.8885,17.9373,32.7262,51247.2123,33969.5,#N/A N/A,3.7505,1914.8,0.7962,2.1675,140.758,126.5425,138.0886,154.2017,29.617,30.8,30.499,45.2537,39.0308,0.4013,0.234,116.05
28/03/2013,91.6,170485554,175425.8454,5.7938,0.3539,6.2565,0.4965,3.7772,3.7772,2.727,153.5504,125.039,1.6895,8.8556,9.5627,15.81,15.81,184.4797,1.4,1.4,15.81,0.722,91.1444,656731.9035,82854.9,5.5973,82854.9,2.1166,12.6153,17.2598,31.1538,42097.5676,30268.9,#N/A N/A,3.5697,1914.8,0.8434,3.2474,141.611,122.7,137.8883,150.6867,39.341,32.391,32.815,44.4173,37.303,0.4568,0.2188,98.9
30/04/2013,97.25,111597316,175425.8454,6.1512,0.3628,6.6424,0.5272,3.7772,3.7772,2.727,153.5504,125.039,1.6895,8.8556,9.5627,15.81,15.81,184.4797,1.4,1.4,15.81,0.722,91.1444,667549.2975,82854.9,5.5973,82854.9,2.2472,12.6153,16.2571,29.3438,42097.5676,30268.9,#N/A N/A,3.5697,1914.8,0.8434,3.0587,142.784,120.0325,137.6472,146.9117,22.78,31.366,30.261,45.2278,39.5341,0.4568,0.2323,92.2
31/05/2013,102.4,173190583,175425.8454,6.4769,0.3775,6.9941,0.5551,3.7772,3.7772,2.727,153.5504,125.039,1.6895,8.8556,9.5627,15.81,15.81,184.4797,1.4,1.4,15.81,0.722,91.1444,677409.4,82854.9,5.5973,82854.9,2.3662,12.6153,15.4395,27.868,42097.5676,30268.9,#N/A N/A,3.5697,1914.8,0.8434,2.9049,143.791,118.58,137.5613,143.44,30.927,29.324,31.578,45.9707,41.5749,0.4568,0.2446,97.05
28/06/2013,99.8,142324032,175425.8454,6.3125,0.3741,6.8165,0.541,3.7772,3.7772,2.727,153.5504,125.039,1.6895,8.8556,9.5627,15.81,15.81,184.4797,1.4,1.4,15.81,0.722,91.1444,672431.4842,82854.9,5.5973,82854.9,2.3061,12.6153,15.8417,28.594,42097.5676,30268.9,#N/A N/A,3.5697,1914.8,0.8434,2.9806,144.712,116.7725,137.3708,138.5333,56.804,38.47,38.553,45.6474,40.8257,0.4568,0.2384,102.4
31/07/2013,90.1,131298046,175425.8454,5.6989,0.3384,6.154,0.4884,3.7772,3.7772,2.727,153.5504,125.039,1.6895,8.8556,9.5627,15.81,15.81,184.4797,1.4,1.4,15.81,0.722,91.1444,653860.029,82854.9,5.5973,82854.9,2.082,12.6153,17.5472,31.6724,42097.5676,30268.9,#N/A N/A,3.5697,1914.8,0.8434,3.3014,144.821,115.13,137.1666,133.8817,49.73,46.131,40.721,44.4409,38.0695,0.4568,0.2153,99
30/08/2013,105.05,216773956,175425.8454,6.6445,0.4051,7.1751,0.5694,3.7772,3.7772,2.727,153.5504,125.039,1.6895,8.8556,9.5627,15.81,15.81,184.4797,1.4,1.4,15.81,0.722,91.1444,682483.045,82854.9,5.5973,82854.9,2.4274,12.6153,15.05,27.165,42097.5676,30268.9,#N/A N/A,3.5697,1914.8,0.8434,2.8316,145.193,114.59,137.2052,130.6717,67.561,58.277,50.136,46.6875,44.3098,0.4568,0.251,91
30/09/2013,111.9,155938123,175425.8454,7.0778,0.4313,7.643,0.6066,3.7772,3.7772,2.727,153.5504,125.039,1.6895,8.8556,9.5627,15.81,15.81,184.4797,1.4,1.4,15.81,0.722,91.1444,695597.9386,82854.9,5.5973,82854.9,2.5857,12.6153,14.1287,25.5021,42097.5676,30268.9,#N/A N/A,3.5697,1914.8,0.8434,2.6583,145.425,112.855,137.3609,127.43,44.672,54.751,53.108,47.6901,46.9476,0.4568,0.2673,105
31/10/2013,115.05,207692977,175425.8454,7.277,0.4084,7.8581,0.6236,3.7772,3.7772,2.727,153.5504,125.039,1.6895,8.8556,9.5627,15.81,15.81,184.4797,1.4,1.4,15.81,0.722,91.1444,718886.375,82854.9,5.5973,82854.9,2.6585,12.6153,13.7419,24.8039,42097.5676,30268.9,#N/A N/A,3.5697,1914.8,0.8434,2.3976,145.606,111.1625,137.489,124.0633,40.235,52.062,50.164,48.1539,48.1635,0.4568,0.2749,111.75
29/11/2013,122.7,144909521,175425.8454,7.7609,0.4431,8.3807,0.6651,3.7772,3.7772,2.727,153.5504,125.039,1.6895,8.8556,9.5627,15.81,15.81,184.4797,1.4,1.4,15.81,0.722,91.1444,734680.4351,82854.9,5.5973,82854.9,2.8353,12.6153,12.8851,23.2574,42097.5676,30268.9,#N/A N/A,3.5697,1914.8,0.8434,2.2481,145.479,110.8275,137.6392,121.575,33.974,38.553,49.505,49.2836,51.095,0.4568,0.2931,114.25
31/12/2013,122.6,115212421,175425.8454,7.7546,0.4646,8.3738,0.6646,3.7772,3.7772,2.727,153.5504,125.039,1.6895,8.8556,9.5627,15.81,15.81,184.4797,1.4,1.4,15.81,0.722,91.1444,734473.9768,82854.9,5.5973,82854.9,2.833,12.6153,12.8956,23.2764,42097.5676,30268.9,#N/A N/A,3.5697,1914.8,0.8434,2.25,145.494,110.92,137.6423,119.6433,26.469,32.905,41.801,49.2691,51.0543,0.4568,0.2929,122.75
31/01/2014,109.55,117709652,175425.8454,6.9292,0.4289,7.4825,0.5938,3.7772,3.7772,2.727,153.5504,125.039,1.6895,8.8556,9.5627,15.81,15.81,184.4797,1.4,1.4,15.81,0.722,91.1444,707531.1685,82854.9,5.5973,82854.9,2.5314,12.6153,14.4318,26.0491,42097.5676,30268.9,#N/A N/A,3.5697,1914.8,0.8434,2.518,144.923,110.565,137.4837,117.68,27.331,28.666,32.382,47.3847,45.9207,0.4568,0.2617,122.6
28/02/2014,105.35,171441133,175425.8454,6.6635,0.4031,7.1956,0.5711,3.7772,3.7772,2.727,153.5504,125.039,1.6895,8.8556,9.5627,15.81,15.81,184.4797,1.4,1.4,15.81,0.722,91.1444,698859.9199,82854.9,5.5973,82854.9,2.4344,12.6153,15.0071,27.0877,42097.5676,30268.9,#N/A N/A,3.5697,1914.8,0.8434,2.6184,143.813,109.8375,137.5592,116.1717,39.617,30.319,32.091,46.7889,44.3741,0.4568,0.2517,109
31/03/2014,141.75,232144727,292732.7611,12.9927,0.7878,12.0618,0.7209,2.4909,2.4909,1.6746,152.7786,125.1635,1.405,9.4924,8.8109,10.91,10.91,196.6208,1,1,10.91,0.6723,90.5076,840970.4335,81544.5,6.5058,81544.5,3.466,9.6956,7.6966,17.01,39232.7201,21750.1,#N/A N/A,3.4751,2064.8,0.6646,2.2127,143.701,110.92,137.8363,116.515,48.116,42.246,36.967,52.1797,57.6773,0.3715,0.3237,105
30/04/2014,134.3,125701089,292732.7611,12.3098,0.7454,11.4278,0.683,2.4909,2.4909,1.6746,152.7786,125.1635,1.405,9.4924,8.8109,10.91,10.91,196.6208,1,1,10.91,0.6723,90.5076,825592.1063,81544.5,6.5058,81544.5,3.2839,9.6956,8.1236,17.9536,39232.7201,21750.1,#N/A N/A,3.4751,2064.8,0.6646,2.3354,143.134,112.4425,137.8788,116.46,47.117,44.074,38.938,51.084,54.7892,0.3715,0.3067,142
30/05/2014,148,227095689,292732.7611,13.5655,0.7623,12.5936,0.7527,2.4909,2.4909,1.6746,152.7786,125.1635,1.405,9.4924,8.8109,10.91,10.91,196.6208,1,1,10.91,0.6723,90.5076,853881.5512,81544.5,6.5058,81544.5,3.6188,9.6956,7.3716,16.2917,39232.7201,21750.1,#N/A N/A,3.4751,2064.8,0.6646,2.1192,142.469,113.8075,137.8642,117.295,45.113,46.697,43.492,52.9631,58.868,0.3715,0.338,135.2
30/06/2014,164.2,243958021,292732.7611,15.0504,0.8399,13.9721,0.8351,2.4909,2.4909,1.6746,152.7786,125.1635,1.405,9.4924,8.8109,10.91,10.91,196.6208,1,1,10.91,0.6723,90.5076,887328.8501,81544.5,6.5058,81544.5,4.015,9.6956,6.6443,14.6843,39232.7201,21750.1,#N/A N/A,3.4751,2064.8,0.6646,1.9101,142.183,116.19,138.1155,118.9067,41.634,41.804,44.272,55.0741,63.1066,0.3715,0.3749,147.3
31/07/2014,191.7,248806846,292732.7611,17.571,0.963,16.3121,0.975,2.4909,2.4909,1.6746,152.7786,125.1635,1.405,9.4924,8.8109,10.91,10.91,196.6208,1,1,10.91,0.6723,90.5076,944112.1836,81544.5,6.5058,81544.5,4.6874,9.6956,5.6912,12.5778,39232.7201,21750.1,#N/A N/A,3.4751,2064.8,0.6646,1.6361,143.012,119.945,138.3756,120.41,44.718,44.721,44.664,58.3563,68.955,0.3715,0.4377,167.2
28/08/2014,170.1,192041257,292732.7611,15.5912,0.8293,14.4741,0.8651,2.4909,2.4909,1.6746,152.7786,125.1635,1.405,9.4924,8.8109,10.91,10.91,196.6208,1,1,10.91,0.6723,90.5076,899538.0451,81544.5,6.5058,81544.5,4.1592,9.6956,6.4139,14.175,39232.7201,21750.1,#N/A N/A,3.4751,2064.8,0.6646,1.8437,143.524,121.925,138.041,121.1167,51.107,46.997,45.772,55.0863,60.8021,0.3715,0.3884,189.7
30/09/2014,156.75,211103608,292732.7611,14.3676,0.7754,13.3382,0.7972,2.4909,2.4909,1.6746,152.7786,125.1635,1.405,9.4924,8.8109,10.91,10.91,196.6208,1,1,10.91,0.6723,90.5076,871988.2362,81544.5,6.5058,81544.5,3.8328,9.6956,6.9601,15.3822,39232.7201,21750.1,#N/A N/A,3.4751,2064.8,0.6646,2.0007,143.452,123.9525,137.9979,122.0283,39.113,45.174,44.263,53.181,56.3662,0.3715,0.3579,171.9
31/10/2014,163.7,170851411,292732.7611,15.0046,0.7708,13.9295,0.8326,2.4909,2.4909,1.6746,152.7786,125.1635,1.405,9.4924,8.8109,10.91,10.91,196.6208,1,1,10.91,0.6723,90.5076,886339.2939,81544.5,6.5058,81544.5,4.0027,9.6956,6.6646,14.7292,39232.7201,21750.1,#N/A N/A,3.4751,2064.8,0.6646,1.9157,143.398,127.1925,138.0433,123.46,53.4,47.51,46.21,54.0371,58.0808,0.3715,0.3738,155.2
28/11/2014,174.05,172025461,292732.7611,15.9533,0.7971,14.8102,0.8852,2.4909,2.4909,1.6746,152.7786,125.1635,1.405,9.4924,8.8109,10.91,10.91,196.6208,1,1,10.91,0.6723,90.5076,907713.8175,81544.5,6.5058,81544.5,4.2558,9.6956,6.2683,13.8533,39232.7201,21750.1,#N/A N/A,3.4751,2064.8,0.6646,1.8018,142.938,131.315,138.3269,125.3733,32.154,41.913,43.945,55.2965,60.5659,0.3715,0.3974,163.1
31/12/2014,157.55,163384185,292732.7611,14.4409,0.7449,13.4062,0.8013,2.4909,2.4909,1.6746,152.7786,125.1635,1.405,9.4924,8.8109,10.91,10.91,196.6208,1,1,10.91,0.6723,90.5076,873650.1188,81544.5,6.5058,81544.5,3.8524,9.6956,6.9248,15.3041,39232.7201,21750.1,#N/A N/A,3.4751,2064.8,0.6646,1.9904,141.879,134.33,138.3411,126.6283,38.231,42.003,43.627,52.9058,54.971,0.3715,0.3598,173
30/01/2015,139.7,147324534,292732.7611,12.8048,0.6224,11.8873,0.7105,2.4909,2.4909,1.6746,152.7786,125.1635,1.405,9.4924,8.8109,10.91,10.91,196.6208,1,1,10.91,0.6723,90.5076,836792.8715,81544.5,6.5058,81544.5,3.4159,9.6956,7.8096,17.2596,39232.7201,21750.1,#N/A N/A,3.4751,2064.8,0.6646,2.2447,140.542,136.195,138.1833,127.2817,37.253,35.523,40.846,50.4642,49.6297,0.3715,0.319,157.4
28/02/2015,152.85,134887544,292732.7611,14.0101,0.6761,13.0063,0.7774,2.4909,2.4909,1.6746,152.7786,125.1635,1.405,9.4924,8.8109,10.91,10.91,196.6208,1,1,10.91,0.6723,90.5076,863947.29,81544.5,6.5058,81544.5,3.7374,9.6956,7.1377,15.7747,39232.7201,21750.1,#N/A N/A,3.4751,2064.8,0.6646,2.0516,138.659,138.8475,138,128.915,31.062,36.038,35.842,52.1472,53.2347,0.3715,0.349,140
31/03/2015,129,152303122,266452.9354,31.1594,1.3965,14.9066,0.6952,0.8261,0.8261,0.6051,174.2858,144.1717,1.2722,24.1767,11.543,4.13,4.14,185.563,1,1,4.14,0.7325,75.8233,842316.9805,89568.1,6.3234,89568.1,2.9738,10.6326,3.2093,20.5113,15211.6741,8542.1,#N/A N/A,3.7655,2065.2,0.5658,2.5703,136.646,140.7925,137.7197,129.1917,49.206,41.073,39.508,49.0222,46.7056,0.3185,0.2576,154.2
30/04/2015,128.6,126523486,266452.9354,31.0628,1.4394,14.8604,0.693,0.8261,0.8261,0.6051,174.2858,144.1717,1.2722,24.1767,11.543,4.13,4.14,185.563,1,1,4.14,0.7325,75.8233,841491.3964,89568.1,6.3234,89568.1,2.9646,10.6326,3.2193,20.5751,15211.6741,8542.1,#N/A N/A,3.7655,2065.2,0.5658,2.5783,135.191,141.97,137.4259,129.5933,26.179,37.333,36.943,48.9713,46.6024,0.3185,0.2568,129
29/05/2015,129.25,110164819,266452.9354,31.2198,1.3982,14.9355,0.6965,0.8261,0.8261,0.6051,174.2858,144.1717,1.2722,24.1767,11.543,4.13,4.14,185.563,1,1,4.14,0.7325,75.8233,842833.6358,89568.1,6.3234,89568.1,2.9796,10.6326,3.2031,20.4716,15211.6741,8542.1,#N/A N/A,3.7655,2065.2,0.5658,2.5653,133.593,142.8375,137.1209,130.015,36.175,38.836,36.704,49.0602,46.8081,0.3185,0.2581,130.4
30/06/2015,111.9,103122521,266452.9354,27.029,1.2285,12.9306,0.603,0.8261,0.8261,0.6051,174.2858,144.1717,1.2722,24.1767,11.543,4.13,4.14,185.563,1,1,4.14,0.7325,75.8233,807006.4155,89568.1,6.3234,89568.1,2.5796,10.6326,3.6997,23.6457,15211.6741,8542.1,#N/A N/A,3.7655,2065.2,0.5658,2.963,131.51,142.68,136.9779,129.395,27.437,30.632,35.774,46.8075,42.1406,0.3185,0.2234,128.75
31/07/2015,105.2,110018198,266452.9354,25.4106,1.1398,12.1564,0.5669,0.8261,0.8261,0.6051,174.2858,144.1717,1.2722,24.1767,11.543,4.13,4.14,185.563,1,1,4.14,0.7325,75.8233,793171.0104,89568.1,6.3234,89568.1,2.4252,10.6326,3.9354,25.1517,15211.6741,8542.1,#N/A N/A,3.7655,2065.2,0.5658,3.1518,129.667,141.805,136.8483,129.0283,33.202,28.912,31.073,45.9643,40.4627,0.3185,0.2101,112.3
31/08/2015,80.05,159858829,266452.9354,19.3357,0.94,9.2502,0.4314,0.8261,0.8261,0.6051,174.2858,144.1717,1.2722,24.1767,11.543,4.13,4.14,185.563,1,1,4.14,0.7325,75.8233,741236.6165,89568.1,6.3234,89568.1,1.8454,10.6326,5.1718,33.0538,15211.6741,8542.1,#N/A N/A,3.7655,2065.2,0.5658,4.142,127.657,139.6775,136.3242,128.4,50.686,39.326,37.57,42.9594,34.8527,0.3185,0.1598,105.25
30/09/2015,70.8,169319786,266452.9354,17.1014,0.8227,8.1813,0.3815,0.8261,0.8261,0.6051,174.2858,144.1717,1.2722,24.1767,11.543,4.13,4.14,185.563,1,1,4.14,0.7325,75.8233,722135.4975,89568.1,6.3234,89568.1,1.6322,10.6326,5.8475,37.3723,15211.6741,8542.1,#N/A N/A,3.7655,2065.2,0.5658,4.6831,125.704,137.74,135.7571,127.7067,56.846,49.139,42.487,41.9168,33.0383,0.3185,0.1414,79.45
30/10/2015,84.05,217145241,266452.9354,20.3019,0.9782,9.7124,0.4529,0.8261,0.8261,0.6051,174.2858,144.1717,1.2722,24.1767,11.543,4.13,4.14,185.563,1,1,4.14,0.7325,75.8233,749496.5598,89568.1,6.3234,89568.1,1.9376,10.6326,4.9256,31.4808,15211.6741,8542.1,#N/A N/A,3.7655,2065.2,0.5658,3.9448,124.373,136.675,135.1452,127.2667,46.242,53.326,47.179,43.9332,38.0159,0.3185,0.1678,71.65
30/11/2015,77.05,187876260,266452.9354,18.6111,0.9317,8.9035,0.4152,0.8261,0.8261,0.6051,174.2858,144.1717,1.2722,24.1767,11.543,4.13,4.14,185.563,1,1,4.14,0.7325,75.8233,735041.659,89568.1,6.3234,89568.1,1.7762,10.6326,5.3731,34.3408,15211.6741,8542.1,#N/A N/A,3.7655,2065.2,0.5658,4.3032,123.285,133.44,134.3745,126.4217,40.065,48.84,48.253,43.1152,36.4734,0.3185,0.1539,83.9
31/12/2015,84.75,178729971,266452.9354,20.471,1.0619,9.7933,0.4567,0.8261,0.8261,0.6051,174.2858,144.1717,1.2722,24.1767,11.543,4.13,4.14,185.563,1,1,4.14,0.7325,75.8233,750942.0499,89568.1,6.3234,89568.1,1.9537,10.6326,4.885,31.2207,15211.6741,8542.1,#N/A N/A,3.7655,2065.2,0.5658,3.9123,122.261,130.9625,133.79,125.92,37.246,40.689,46.716,44.2954,39.3869,0.3185,0.1692,77.6
29/01/2016,70.5,144001922,266452.9354,17.029,0.9249,8.1466,0.3799,0.8261,0.8261,0.6051,174.2858,144.1717,1.2722,24.1767,11.543,4.13,4.14,185.563,1,1,4.14,0.7325,75.8233,721516.0017,89568.1,6.3234,89568.1,1.6252,10.6326,5.8723,37.5313,15211.6741,8542.1,#N/A N/A,3.7655,2065.2,0.5658,4.703,121.212,127.0875,132.9333,125.2667,47.84,41.435,43.87,42.6032,36.0883,0.3185,0.1408,84.7
29/02/2016,68.75,222847294,266452.9354,16.6063,0.9756,7.9444,0.3705,0.8261,0.8261,0.6051,174.2858,144.1717,1.2722,24.1767,11.543,4.13,4.14,185.563,1,1,4.14,0.7325,75.8233,717902.2765,89568.1,6.3234,89568.1,1.5849,10.6326,6.0218,38.4867,15211.6741,8542.1,#N/A N/A,3.7655,2065.2,0.5658,4.8228,120.27,122.315,131.8388,124.0567,60.138,49.028,44.507,42.3974,35.6929,0.3185,0.1373,70.85
31/03/2016,87.95,298483120,181664.1908,21.256,1.1336,10.1688,0.4474,-0.2555,-0.2555,-0.1759,163.3354,133.9556,1.4144,24.1767,11.543,-1.2239,-1.2239,196.5907,1,1,-0.4404,0.6884,75.8233,734485.1046,86912.5,6.3173,86912.5,2.0731,11.8323,-0.5007,24.1117,19801.293,-2507.4,#N/A N/A,3.2996,2048.9,0.6295,3.6862,119.097,117.1275,131.0369,123.2583,60.505,55.993,50.724,45.391,43.0626,0.3798,0.1836,69
29/04/2016,96.35,255389370,181664.1908,#N/A N/A,#N/A N/A,#N/A N/A,0.4901,-0.2555,-0.2555,-0.1759,163.3354,133.9556,1.4144,24.1767,11.543,-1.2239,-1.2239,196.5907,1,1,-0.4404,0.6884,75.8233,751830.9857,86912.5,6.3173,86912.5,2.2711,11.8323,-0.4571,22.0096,19801.293,-2507.4,#N/A N/A,3.2996,2048.9,0.6295,3.3649,118.046,113.44,130.0519,122.635,50.972,56.685,53.217,46.646,45.9795,0.3798,0.2011,87.5
31/05/2016,105.25,310667732,181664.1908,#N/A N/A,#N/A N/A,#N/A N/A,0.5354,-0.2555,-0.2555,-0.1759,163.3354,133.9556,1.4144,24.1767,11.543,-1.2239,-1.2239,196.5907,1,1,-0.4404,0.6884,75.8233,770209.3596,86912.5,6.3173,86912.5,2.4809,11.8323,-0.4184,20.1484,19801.293,-2507.4,#N/A N/A,3.2996,2048.9,0.6295,3.0803,117.563,110.865,129.6176,122.0533,50.837,54.906,55.202,47.9568,48.9628,0.3798,0.2197,96.4
30/06/2016,122.85,294411988,181664.1908,#N/A N/A,#N/A N/A,#N/A N/A,0.6249,-0.2555,-0.2555,-0.1759,163.3354,133.9556,1.4144,24.1767,11.543,-1.2239,-1.2239,196.5907,1,1,-0.4404,0.6884,75.8233,806553.1104,86912.5,6.3173,86912.5,2.8958,11.8323,-0.3585,17.2619,19801.293,-2507.4,#N/A N/A,3.2996,2048.9,0.6295,2.639,117.605,108.8225,129.0087,122.0617,33.298,45.66,48.45,50.4474,54.3336,0.3798,0.2565,105.35
29/07/2016,133.55,234376477,181664.1908,#N/A N/A,#N/A N/A,#N/A N/A,0.6793,-0.2555,-0.2555,-0.1759,163.3354,133.9556,1.4144,24.1767,11.543,-1.2239,-1.2239,196.5907,1,1,-0.4404,0.6884,75.8233,828648.4589,86912.5,6.3173,86912.5,3.148,11.8323,-0.3298,15.8789,19801.293,-2507.4,#N/A N/A,3.2996,2048.9,0.6295,2.4276,117.943,106.7975,128.8469,122.8617,28.677,38.232,45.17,51.8953,57.2772,0.3798,0.2788,124
31/08/2016,159.25,239298941,181664.1908,#N/A N/A,#N/A N/A,#N/A N/A,0.8101,-0.2555,-0.2555,-0.1759,163.3354,133.9556,1.4144,24.1767,11.543,-1.2239,-1.2239,196.5907,1,1,-0.4404,0.6884,75.8233,881718.595,86912.5,6.3173,86912.5,3.7538,11.8323,-0.2765,13.3163,19801.293,-2507.4,#N/A N/A,3.2996,2048.9,0.6295,2.0358,118.73,106.8825,128.6814,124.6583,39.038,33.079,39.522,55.1512,63.3824,0.3798,0.3324,134.5
30/09/2016,152.7,200905467,181664.1908,#N/A N/A,#N/A N/A,#N/A N/A,0.7767,-0.2555,-0.2555,-0.1759,163.3354,133.9556,1.4144,24.1767,11.543,-1.2239,-1.2239,196.5907,1,1,-0.4404,0.6884,75.8233,868192.9377,86912.5,6.3173,86912.5,3.5994,11.8323,-0.2884,13.8875,19801.293,-2507.4,#N/A N/A,3.2996,2048.9,0.6295,2.1231,119.382,107.5325,128.4644,125.0233,52.586,40.475,41.826,54.1843,60.9902,0.3798,0.3188,159
30/10/2016,149.75,151224300,181664.1908,#N/A N/A,#N/A N/A,#N/A N/A,0.7617,-0.2555,-0.2555,-0.1759,163.3354,133.9556,1.4144,24.1767,11.543,-1.2239,-1.2239,196.5907,1,1,-0.4404,0.6884,75.8233,862101.2295,86912.5,6.3173,86912.5,3.5299,11.8323,-0.2941,14.1611,19801.293,-2507.4,#N/A N/A,3.2996,2048.9,0.6295,2.165,120.3,107.3775,128.6714,125.5383,25.466,39.925,37.326,53.7453,59.8938,0.3798,0.3126,154.5
30/11/2016,175.75,336194611,181664.1908,#N/A N/A,#N/A N/A,#N/A N/A,0.894,-0.2555,-0.2555,-0.1759,163.3354,133.9556,1.4144,24.1767,11.543,-1.2239,-1.2239,196.5907,1,1,-0.4404,0.6884,75.8233,915790.8614,86912.5,6.3173,86912.5,4.1427,11.8323,-0.2506,12.0661,19801.293,-2507.4,#N/A N/A,3.2996,2048.9,0.6295,1.8447,121.401,109.715,129.147,126.4633,59.706,47.862,43.711,56.9272,65.7395,0.3798,0.3669,150.5
30/12/2016,155.05,184197556,181664.1908,#N/A N/A,#N/A N/A,#N/A N/A,0.7887,-0.2555,-0.2555,-0.1759,163.3354,133.9556,1.4144,24.1767,11.543,-1.2239,-1.2239,196.5907,1,1,-0.4404,0.6884,75.8233,873225.4231,86912.5,6.3173,86912.5,3.6548,11.8323,-0.284,13.677,19801.293,-2507.4,#N/A N/A,3.2996,2048.9,0.6295,2.0898,122.171,111.0375,129.4735,126.1583,34.042,43.602,43.559,53.8748,58.4366,0.3798,0.3237,176.8
31/01/2017,189.95,266861171,181664.1908,#N/A N/A,#N/A N/A,#N/A N/A,0.9662,-0.2555,-0.2555,-0.1759,163.3354,133.9556,1.4144,24.1767,11.543,-1.2239,-1.2239,196.5907,1,1,-0.4404,0.6884,75.8233,945333.8928,86912.5,6.3173,86912.5,4.4774,11.8323,-0.2318,11.1641,19801.293,-2507.4,#N/A N/A,3.2996,2048.9,0.6295,1.7058,123.638,114.0725,130.3905,126.1,41.391,44.9,42.604,57.8195,65.4129,0.3798,0.3965,155.85
28/02/2017,184.35,220636838,181664.1908,#N/A N/A,#N/A N/A,#N/A N/A,0.9377,-0.2555,-0.2555,-0.1759,163.3354,133.9556,1.4144,24.1767,11.543,-1.2239,-1.2239,196.5907,1,1,-0.4404,0.6884,75.8233,933809.0268,86912.5,6.3173,86912.5,4.3454,11.8323,-0.2389,11.5032,19801.293,-2507.4,#N/A N/A,3.2996,2048.9,0.6295,1.7574,124.715,117.695,131.629,126.575,31.478,36.515,41.847,57.0102,63.5691,0.3798,0.3848,190.9
31/03/2017,195.05,327281978,437654.6989,21.1596,0.9621,18.3997,0.9502,1.9074,1.9074,1.317,126.8885,89.5605,1.3582,12.9957,11.2884,9.21,9.22,205.2707,1.1,1.1,9.2181,0.6905,87.0043,815672.8247,123858.7,3.3309,123858.7,3.2446,14.5669,4.726,19.7293,41513.7144,18997.4,#N/A N/A,3.3346,2227.2,0.6757,1.4502,126.292,122.1875,133.05,127.8517,30.222,36.036,35.55,58.1675,65.5663,0.4562,0.4035,185.15
28/04/2017,199.35,227834079,437654.6989,21.626,0.9736,18.8053,0.9712,1.9074,1.9074,1.317,126.8885,89.5605,1.3582,12.9957,11.2884,9.21,9.22,205.2707,1.1,1.1,9.2181,0.6905,87.0043,859825.5948,123858.7,3.3309,123858.7,3.3161,14.5669,4.6241,19.3037,41513.7144,18997.4,#N/A N/A,3.3346,2227.2,0.6757,1.307,128.301,128.1525,134.5295,129.04,31.321,31.685,35.3,58.6305,66.3643,0.4562,0.4124,195.1
31/05/2017,200.7,314368678,437654.6989,21.7725,0.9415,18.9327,0.9777,1.9074,1.9074,1.317,126.8885,89.5605,1.3582,12.9957,11.2884,9.21,9.22,205.2707,1.1,1.1,9.2181,0.6905,87.0043,862863.7566,123858.7,3.3309,123858.7,3.3386,14.5669,4.5929,19.1739,41513.7144,18997.4,#N/A N/A,3.3346,2227.2,0.6757,1.2982,130.483,134.6475,136.047,129.9283,34.978,31.429,33.016,58.7787,66.6258,0.4562,0.4152,200.85
30/06/2017,190.95,175671392,437654.6989,20.7148,0.906,18.0129,0.9302,1.9074,1.9074,1.317,126.8885,89.5605,1.3582,12.9957,11.2884,9.21,9.22,205.2707,1.1,1.1,9.2181,0.6905,87.0043,840998.8128,123858.7,3.3309,123858.7,3.1764,14.5669,4.8275,20.1529,41513.7144,18997.4,#N/A N/A,3.3346,2227.2,0.6757,1.3645,132.357,139.9925,137.5705,131.0417,23.174,29.291,29.65,57.2467,62.8267,0.4562,0.395,200.5
31/07/2017,219.65,198270788,437654.6989,23.8283,0.9911,20.7203,1.0701,1.9074,1.9074,1.317,126.8885,89.5605,1.3582,12.9957,11.2884,9.21,9.22,205.2707,1.1,1.1,9.2181,0.6905,87.0043,905402.7342,123858.7,3.3309,123858.7,3.6538,14.5669,4.1967,17.5197,41513.7144,18997.4,#N/A N/A,3.3346,2227.2,0.6757,1.1862,134.702,147.1225,139.2465,133.7067,22.628,26.64,28.052,60.3904,68.5174,0.4562,0.4544,191.2
31/08/2017,238,236191630,437654.6989,25.8189,1.1004,22.4513,1.1594,1.9074,1.9074,1.317,126.8885,89.5605,1.3582,12.9957,11.2884,9.21,9.22,205.2707,1.1,1.1,9.2181,0.6905,87.0043,946578.9053,123858.7,3.3309,123858.7,3.9591,14.5669,3.8731,16.1689,41513.7144,18997.4,#N/A N/A,3.3346,2227.2,0.6757,1.0947,137.466,154.785,141.089,136.545,44.148,31.779,31.609,62.2274,71.5196,0.4562,0.4923,221.1
29/09/2017,240.6,184227209,437654.6989,26.101,1.1558,22.6966,1.1721,1.9074,1.9074,1.317,126.8885,89.5605,1.3582,12.9957,11.2884,9.21,9.22,205.2707,1.1,1.1,9.2181,0.6905,87.0043,952435.5331,123858.7,3.3309,123858.7,4.0023,14.5669,3.8313,15.9942,41513.7144,18997.4,#N/A N/A,3.3346,2227.2,0.6757,1.0828,140.476,163.29,142.6485,140.265,28.03,32.644,30.41,62.4825,71.928,0.4562,0.4977,239.25
31/10/2017,267.4,167974566,437654.6989,29.0083,1.2099,25.2247,1.3027,1.9074,1.9074,1.317,126.8885,89.5605,1.3582,12.9957,11.2884,9.21,9.22,205.2707,1.1,1.1,9.2181,0.6905,87.0043,1012564.2774,123858.7,3.3309,123858.7,4.4481,14.5669,3.4473,14.3912,41513.7144,18997.4,#N/A N/A,3.3346,2227.2,0.6757,0.9743,143.723,173.2225,144.458,144.8917,31.923,33.864,31.368,65.0022,75.7834,0.4562,0.5532,242.5
30/11/2017,240.45,166853623,437654.6989,26.0847,1.0921,22.6824,1.1714,1.9074,1.9074,1.317,126.8885,89.5605,1.3582,12.9957,11.2884,9.21,9.22,205.2707,1.1,1.1,9.2181,0.6905,87.0043,952377.9746,123858.7,3.3309,123858.7,3.9998,14.5669,3.8337,16.0041,41513.7144,18997.4,#N/A N/A,3.3346,2227.2,0.6757,1.0829,146.294,180.8475,145.8595,148.5983,23.121,28.654,32.228,60.7573,65.9714,0.4562,0.4974,269.5
29/12/2017,273.55,171605184,437654.6989,29.6755,1.2793,25.8049,1.3326,1.9074,1.9074,1.317,126.8885,89.5605,1.3582,12.9957,11.2884,9.21,9.22,205.2707,1.1,1.1,9.2181,0.6905,87.0043,1026712.4029,123858.7,3.3309,123858.7,4.5504,14.5669,3.3698,14.0676,41513.7144,18997.4,#N/A N/A,3.3346,2227.2,0.6757,0.9518,149.464,189.7075,147.535,153.9867,27.688,29.779,28.893,63.7639,70.9468,0.4562,0.5659,240.5
31/01/2018,256.15,179048144,437654.6989,27.7879,1.133,24.1635,1.2479,1.9074,1.9074,1.317,126.8885,89.5605,1.3582,12.9957,11.2884,9.21,9.22,205.2707,1.1,1.1,9.2181,0.6905,87.0043,987665.3416,123858.7,3.3309,123858.7,4.261,14.5669,3.5987,15.0232,41513.7144,18997.4,#N/A N/A,3.3346,2227.2,0.6757,1.0165,152.133,197.2525,148.806,159.0183,27.255,27.097,28.208,61.2135,65.5232,0.4562,0.5299,273
