Date,PX_LAST,PX_VOLUME,HISTORICAL_MARKET_CAP,PX_TO_BOOK_RATIO,PROF_MARGIN,TRAIL_12M_PROF_MARGIN,RETURN_ON_ASSET,TOT_DEBT_TO_TOT_EQY,NET_DEBT_TO_SHRHLDR_EQTY,CUR_RATIO,DVD_PAYOUT_RATIO,IS_EPS,BOOK_VAL_PER_SH,EQY_DPS,ASSET_TURNOVER,RETENTION_RATIO,CURR_ENTP_VAL,EBITDA,NET_DEBT_TO_EBITDA,PX_TO_EBITDA,EBITDA_EV_YIELD,EARN_YLD_HIST,EBIT_YIELD,NET_OPER_PROFIT_AFTER_TAX,NET_INCOME,ARD_TOTAL_SHARE_CAPITAL,QUICK_RATIO,DEBT_TO_MKT_CAP,CASH_RATIO,PX_TO_SALES_RATIO,PE,Open,Close,High,Low,Volume,WilliamR,Momentum_14,RSI_14,CCI_20,ADX_14_14,MACD_26_12,KST_10_15_20_30_10_10_10_15,TSI_25_13,ACCDIST_14,Chaikin,MFI_14,EoM_14,COPP_14,KelChM_20,KelChU_20,KelChD_20
1/31/2007,0.22923374114616868,0.09833592858784901,0.28620261246062373,0.49605818935939866,1.0,1.0,1.0,1.0,1.0,0.0,1.0,0.279047619047619,0.0,0.0,0.2831385642737897,0.0,0.2275559069359198,0.0,0.9964549660517935,0.2596975787620171,0.06542243840541394,0.4306666928808761,0.32421796246865,0.0,0.21565749532743334,0.0,0.0,0.34606011372867584,0.0,0.40755710123131866,0.17134635507499127,0.23777315296566073,0.22923374114616868,0.23218029350104818,0.21961206896551724,0.019407977175023617,0.2527804749205604,0.3135168961201501,0.25041972398877843,0.08274622760742223,0.36430043037592047,0.5875016859003424,0.45760224100692404,0.3438232236331732,0.015120747411162495,0.2791641646406735,0.5000000000000001,0.4542079322960154,0.5514613901572074,0.24339170861957637,0.2383884597984938,0.25148678638622096
2/28/2007,0.17965228589826143,0.30395165452897216,0.28620261246062373,0.4089418868845209,1.0,1.0,1.0,1.0,1.0,0.0,1.0,0.279047619047619,0.0,0.0,0.2831385642737897,0.0,0.1794633896434903,0.0,0.9964549660517935,0.20812821940934106,0.06542243840541394,0.511806224564025,0.3904986169689443,0.0,0.21565749532743334,0.0,0.0,0.4037367993501218,0.0,0.33430460256289757,0.12989321456360173,0.17377731529656607,0.17965228589826143,0.20964360587002095,0.17726293103448276,0.01933086576831878,0.0721822631184932,0.24687108886107642,0.5383344080426917,0.14740340269121732,0.14919696718150713,0.7464867758800742,0.32697068186942685,0.04236341668883713,0.01602755526358991,0.2592176016885545,0.30000000000000004,0.4778772279685064,0.33906447881887697,0.21421098945921335,0.21565165470972794,0.2155825697959564
3/30/2007,0.16258853831294268,0.0712538332415235,0.12652065840809718,0.25203190045593865,0.14891707093471884,0.14891707093471884,0.3753812446314533,0.9058917272579536,0.9797554354046395,1.0,0.23505824902082947,0.02223809523809532,0.17537945564776203,0.0,0.8116861435726209,0.764941750979171,0.16417301385126162,0.09972208788864967,1.0,0.1694555241518402,0.41066934545839057,0.3867546153392447,0.450860059837262,0.06399569433739254,0.02220209348668486,0.05067237874458762,0.5090382227128468,0.5077173030056865,0.08084050780679995,0.21602907541435595,0.19876266623737845,0.16701352757544224,0.16258853831294268,0.16194968553459121,0.16088362068965514,0.0014506583386347425,0.4932883415627001,0.40832290362953694,0.5972631919791926,0.5247591529897043,0.13317532888779224,0.6835818816670988,0.2925308196915989,0.16537391871463475,0.015177489345903834,0.2379078323253118,0.5000000000000001,0.49138989314383863,0.4292974904216653,0.15826664299930876,0.15826933608309388,0.1613689890240898
4/30/2007,0.1882378192745224,0.027673076005534616,0.12652065840809718,0.2879427865627716,0.14891707093471884,0.14891707093471884,0.3753812446314533,0.9058917272579536,0.9797554354046395,1.0,0.23505824902082947,0.02223809523809532,0.17537945564776203,0.0,0.8116861435726209,0.764941750979171,0.1889857397496431,0.09972208788864967,1.0,0.19456734943801957,0.41066934545839057,0.3487407349153609,0.4090142980411764,0.06399569433739254,0.02220209348668486,0.05067237874458762,0.5090382227128468,0.4670999187652316,0.08084050780679995,0.24717235329134946,0.22612978812839293,0.19302809573361082,0.1882378192745224,0.19392033542976939,0.19396551724137928,0.06636882385826924,0.693426910702561,0.450250312891114,0.8041428407030355,0.7533594736379952,0.2731887751656365,0.5245466688518785,0.5358431703661067,0.4613913365276536,0.012346912078675599,0.1751474529477047,0.5000000000000001,0.44805888487371154,0.6320492204714723,0.17235375650065524,0.16814686063953946,0.17986668918932078
5/31/2007,0.17814981755741577,0.475624487636034,0.12652065840809718,0.2738376614464996,0.14891707093471884,0.14891707093471884,0.3753812446314533,0.9058917272579536,0.9797554354046395,1.0,0.23505824902082947,0.02223809523809532,0.17537945564776203,0.0,0.8116861435726209,0.764941750979171,0.17924252246452854,0.09972208788864967,1.0,0.18470804346397202,0.41066934545839057,0.3630536932544286,0.42476391700200794,0.06399569433739254,0.02220209348668486,0.05067237874458762,0.5090382227128468,0.48253452477660447,0.08084050780679995,0.2349531597581226,0.21536628120164916,0.16701352757544224,0.17814981755741577,0.17295597484276728,0.17252155172413797,0.024015383725637614,0.4268800929472554,0.3710888610763455,0.5035809044847464,0.31048725821022777,0.011744897449726717,0.5919614482856572,0.4664079964488419,0.3436935459890634,0.0032878265512830077,0.14998002523986836,0.30000000000000004,0.4868929278866753,0.4925296988727674,0.1795181678443695,0.17509574403786213,0.18723315023969175
6/29/2007,0.17278385919725264,0.020201779231313083,0.12652065840809718,0.2663200109791244,0.14891707093471884,0.14891707093471884,0.3753812446314533,0.9058917272579536,0.9797554354046395,1.0,0.23505824902082947,0.02223809523809532,0.17537945564776203,0.0,0.8116861435726209,0.764941750979171,0.1740461401840918,0.09972208788864967,1.0,0.17944628753887504,0.41066934545839057,0.3709965987063288,0.43351370531358113,0.06399569433739254,0.02220209348668486,0.05067237874458762,0.5090382227128468,0.4906580016246954,0.08084050780679995,0.22840492527493186,0.2096402028386681,0.1742976066597294,0.17278385919725264,0.1692872117400419,0.17726293103448276,0.04460412931582904,0.6098155938437269,0.40738423028786,0.6772174964494895,0.44318579292780075,0.20759925079021715,0.5857973782749819,0.43028106919205383,0.3414944803095069,0.012121375238830091,0.3262664952291884,0.5000000000000001,0.44436781544372134,0.5087309257724565,0.17255014521434683,0.1647768170304424,0.18384310253438124
7/31/2007,0.17868641339343203,0.25809047100616356,0.12652065840809718,0.27460010064197377,0.14891707093471884,0.14891707093471884,0.3753812446314533,0.9058917272579536,0.9797554354046395,1.0,0.23505824902082947,0.02223809523809532,0.17537945564776203,0.0,0.8116861435726209,0.764941750979171,0.17976216069257217,0.09972208788864967,1.0,0.1852338731159212,0.41066934545839057,0.36226726697206224,0.423909098973412,0.06399569433739254,0.02220209348668486,0.05067237874458762,0.5090382227128468,0.4817221770917953,0.08084050780679995,0.23561111633298865,0.21593866545035012,0.1795005202913631,0.17868641339343203,0.17557651991614254,0.1853448275862069,0.004814643456133249,0.04284343148475498,0.3814142678347935,0.8570482667829533,0.27727727986780126,0.47255661494653045,0.5629564874758335,0.4970364786083522,0.40838269556636747,0.015183480242852133,0.1805653640883854,0.5000000000000001,0.6019908217197053,0.5575259232963673,0.18426548732726294,0.176837543751042,0.1951490863763189
8/31/2007,0.17814981755741577,0.20485233074097048,0.12652065840809718,0.2738376614464996,0.14891707093471884,0.14891707093471884,0.3753812446314533,0.9058917272579536,0.9797554354046395,1.0,0.23505824902082947,0.02223809523809532,0.17537945564776203,0.0,0.8116861435726209,0.764941750979171,0.1997530605606221,0.09972208788864967,1.0,0.18470804346397202,0.41066934545839057,0.3630536932544286,0.42476391700200794,0.06399569433739254,0.02220209348668486,0.05067237874458762,0.5090382227128468,0.45166531275385874,0.08084050780679995,0.2349531597581226,0.21536628120164916,0.18418314255983348,0.17814981755741577,0.17819706498951782,0.1853448275862069,0.003503749542151023,0.12460632785054719,0.35356695869837296,0.5771256958461399,0.2234006318547478,0.10747467800609804,0.5858639126270423,0.4666315034557195,0.33405458788109993,0.015188210560754147,0.3128153880334208,0.30000000000000004,0.44711234621336526,0.5191934287327558,0.18794399900294956,0.1836362404233069,0.1955063422627892
9/28/2007,0.20358446018458895,0.2833226342339373,0.12652065840809718,0.30951981579469035,0.14891707093471884,0.14891707093471884,0.3753812446314533,0.9058917272579536,0.9797554354046395,1.0,0.23505824902082947,0.02223809523809532,0.17537945564776203,0.0,0.8116861435726209,0.764941750979171,0.22580021678507398,0.09972208788864967,1.0,0.20966073609232458,0.41066934545839057,0.3282346696026582,0.3864341991726007,0.06399569433739254,0.02220209348668486,0.05067237874458762,0.5090382227128468,0.4167343623070674,0.08084050780679995,0.2659084500422972,0.24250310786760032,0.1925078043704474,0.20358446018458895,0.2248427672955975,0.19676724137931037,0.32971391668112504,0.4469140442082211,0.45556946182728403,0.7913983358371608,0.9036794931144169,0.3341264768390217,0.5306866318257601,0.48503049225054234,0.5271940365370491,0.01562739504672415,0.0,0.8,0.4622138899947048,0.5805335502277308,0.1894773416521577,0.1848707020496825,0.19735086993749976
10/31/2007,0.21667739858338703,0.25732273833328273,0.12652065840809718,0.3278031077021607,0.14891707093471884,0.14891707093471884,0.3753812446314533,0.9058917272579536,0.9797554354046395,1.0,0.23505824902082947,0.02223809523809532,0.17537945564776203,0.0,0.8116861435726209,0.764941750979171,0.23913943483047298,0.09972208788864967,1.0,0.22243978039693219,0.41066934545839057,0.3120539488429704,0.36862817835052375,0.06399569433739254,0.02220209348668486,0.05067237874458762,0.5090382227128468,0.40129975629569453,0.08084050780679995,0.281793401635492,0.256472860937458,0.22060353798126947,0.21667739858338703,0.220125786163522,0.22090517241379307,0.008207545351146069,0.29791501700428796,0.3516896120150189,0.5454676598210836,0.2747800078173098,0.12581765950796728,0.507171587098523,0.5841080263192674,0.5611954157893602,0.01554207870240801,0.2796789160834932,0.30000000000000004,0.44907625145004915,0.6144486922396822,0.23016568409364735,0.23769796716771652,0.22502072666623976
11/30/2007,0.2755956213779781,0.42090943790690916,0.12652065840809718,0.4104515164915597,0.14891707093471884,0.14891707093471884,0.3753812446314533,0.9058917272579536,0.9797554354046395,1.0,0.23505824902082947,0.02223809523809532,0.17537945564776203,0.0,0.8116861435726209,0.764941750979171,0.2994678304554042,0.09972208788864967,1.0,0.2802360698384803,0.41066934545839057,0.2500442364783832,0.3003637008782046,0.06399569433739254,0.02220209348668486,0.05067237874458762,0.5090382227128468,0.33956133225020313,0.08084050780679995,0.35351066829589245,0.3193345138758462,0.23423517169614985,0.2755956213779781,0.28878406708595383,0.24256465517241382,0.443327935534864,0.842354834464823,0.5813516896120151,0.8866845745151011,0.9273400324136479,0.4011311875687974,0.4575869457360416,0.47768571611080995,0.5850071170233028,0.008947280101472294,0.6168850047159448,0.9,0.4730532720773645,0.6108065640367584,0.22034436005604638,0.23184801103323002,0.21102561563538183
12/31/2007,0.2746297488731488,0.3680074517781469,0.12652065840809718,0.4090638771557969,0.14891707093471884,0.14891707093471884,0.3753812446314533,0.9058917272579536,0.9797554354046395,1.0,0.23505824902082947,0.02223809523809532,0.17537945564776203,0.0,0.8116861435726209,0.764941750979171,0.2984522932791083,0.09972208788864967,1.0,0.2792639768634953,0.41066934545839057,0.25095845703163405,0.30137174100626596,0.06399569433739254,0.02220209348668486,0.05067237874458762,0.5090382227128468,0.3403736799350122,0.08084050780679995,0.35228874894256984,0.31830377505299023,0.2388137356919875,0.2746297488731488,0.2741090146750524,0.2349137931034483,0.25338326296917474,0.9582099782304359,0.4990613266583231,0.6221057426481266,0.6995018143776698,0.21079743367635928,0.4863384136327229,0.5356004826147696,0.5198102194390652,1.0,0.5891922433711423,0.5000000000000001,0.45291464319150243,0.58187292442932,0.2433293929700393,0.25531193966156723,0.23341818160637018
1/31/2008,0.23170208199184375,1.0,0.12652065840809718,0.34886167828115705,0.14891707093471884,0.14891707093471884,0.3753812446314533,0.9058917272579536,0.9797554354046395,1.0,0.23505824902082947,0.02223809523809532,0.17537945564776203,0.0,0.8116861435726209,0.764941750979171,0.25450972519128173,0.09972208788864967,1.0,0.23716647005711475,0.41066934545839057,0.29464443701708515,0.3494592872753078,0.06399569433739254,0.02220209348668486,0.05067237874458762,0.5090382227128468,0.38342810722989445,0.08084050780679995,0.3000595294043926,0.27250185577705627,0.21748178980228927,0.23170208199184375,0.23584905660377356,0.2122844827586207,0.48976828022285196,0.7201453431424346,0.3413642052565709,0.4033907553398493,0.35543645266656687,0.24345142865606056,0.6519555010909663,0.37551372687030826,0.2824768249315883,0.01083965305253128,0.804483526725701,0.5000000000000001,0.3621036987940367,0.4222785798217266,0.23819307276579513,0.25718194755552803,0.22087345181025828
2/29/2008,0.17814981755741577,0.16239931641429806,0.12652065840809718,0.2738376614464996,0.14891707093471884,0.14891707093471884,0.3753812446314533,0.9058917272579536,0.9797554354046395,1.0,0.23505824902082947,0.02223809523809532,0.17537945564776203,0.0,0.8116861435726209,0.764941750979171,0.1997530605606221,0.09972208788864967,1.0,0.18470804346397202,0.41066934545839057,0.3630536932544286,0.42476391700200794,0.06399569433739254,0.02220209348668486,0.05067237874458762,0.5090382227128468,0.45166531275385874,0.08084050780679995,0.2349531597581226,0.21536628120164916,0.168678459937565,0.17814981755741577,0.19654088050314464,0.16810344827586204,0.3905548165712413,0.6852400394870546,0.37703379224030037,0.5307799664963586,0.41124244812406624,0.3970015489600428,0.7274015668625143,0.2477215448498107,0.15442200304162787,0.013664637962059975,0.15340652437579347,0.6000000000000001,0.4395045941213488,0.3337961709789665,0.18197680347154807,0.18965653028368806,0.17685331345126648
3/31/2008,0.20562352436145098,0.7096983721464851,0.21065805284349914,0.26288903459949065,0.2265938347530463,0.2265938347530463,0.35743006884188766,0.8024156134179776,0.6330111844123262,0.8873292867981797,0.06263828324705178,0.14909523809523814,0.258949993550329,0.04761904761904765,0.5055091819699501,0.9373617167529488,0.2102985281966367,0.15140455429528374,0.7184401850627891,0.19093151414723922,0.34355503859574926,0.39542496510233377,0.3986758384877785,0.13023577164842792,0.14905907980258143,0.05067237874458762,0.7496895267007037,0.44272948822095864,0.4595067853494819,0.23103675157439607,0.1930500031302263,0.19458896982310092,0.20562352436145098,0.2122641509433962,0.1670258620689655,0.5126318123108361,0.9596923127579324,0.5510012515644557,0.6799433495770485,0.6990221803775168,0.17325096732372014,0.5554921081840328,0.32673762454797034,0.39006480326753995,0.014358171982207067,0.7377522553787066,0.7000000000000001,0.4560331669777139,0.4886351786993396,0.1525694819492334,0.17629357475544288,0.13054596077563352
4/30/2008,0.17342777420047223,0.0,0.21065805284349914,0.221686820476067,0.2265938347530463,0.2265938347530463,0.35743006884188766,0.8024156134179776,0.6330111844123262,0.8873292867981797,0.06263828324705178,0.14909523809523814,0.258949993550329,0.04761904761904765,0.5055091819699501,0.9373617167529488,0.1773347424302708,0.15140455429528374,0.7184401850627891,0.16100419625899878,0.34355503859574926,0.44589387177319484,0.4488681725442127,0.13023577164842792,0.14905907980258143,0.05067237874458762,0.7496895267007037,0.4890333062550772,0.4595067853494819,0.19481780869129306,0.1628231958716786,0.16347554630593128,0.17342777420047223,0.17211740041928722,0.16928879310344824,0.005373701154743315,0.30825841112650937,0.4202127659574469,0.5809712527348909,0.4175954803656935,0.24161874133022185,0.5533539169003099,0.4991972545319994,0.404036708707591,0.014876737857830672,0.2943194904856209,0.30000000000000004,0.4281182023029023,0.5536004289881403,0.171757036947515,0.17365065468591745,0.17280506060729584
5/30/2008,0.17224726336123636,0.002677305041444552,0.21065805284349914,0.2202534347885756,0.2265938347530463,0.2265938347530463,0.35743006884188766,0.8024156134179776,0.6330111844123262,0.8873292867981797,0.06263828324705178,0.14909523809523814,0.258949993550329,0.04761904761904765,0.5055091819699501,0.9373617167529488,0.17618197050042153,0.15140455429528374,0.7184401850627891,0.1599559963607053,0.34355503859574926,0.44781078583646267,0.4507874809480416,0.13023577164842792,0.14905907980258143,0.05067237874458762,0.7496895267007037,0.4906580016246954,0.4595067853494819,0.19356455807250056,0.16171420138982048,0.16857440166493234,0.17224726336123636,0.17295597484276728,0.17456896551724138,0.00406280724076109,0.21008612083434167,0.41207759699624547,0.5847305123789143,0.46372700895224783,0.18021068114048888,0.5555354674240857,0.4559261850308526,0.41123279503884375,0.015062470513454655,0.301484989963074,0.6000000000000001,0.5486224470236127,0.5337790364463638,0.17060891831362507,0.17551516794355893,0.16846750815960765
6/30/2008,0.13479287400729772,0.021697122954339426,0.21065805284349914,0.1722807606093414,0.2265938347530463,0.2265938347530463,0.35743006884188766,0.8024156134179776,0.6330111844123262,0.8873292867981797,0.06263828324705178,0.14909523809523814,0.258949993550329,0.04761904761904765,0.5055091819699501,0.9373617167529488,0.13781113340686652,0.15140455429528374,0.7184401850627891,0.12511978191907067,0.34355503859574926,0.5193067652320941,0.5218986637420063,0.13023577164842792,0.14905907980258143,0.05067237874458762,0.7496895267007037,0.5564581640942323,0.4595067853494819,0.15142400601560296,0.12655057998622696,0.12986472424557752,0.13479287400729772,0.1460167714884696,0.1334051724137931,0.015147571954581381,0.3744594292760935,0.3360450563204006,0.32697105087057077,0.23812099204677512,0.10122005627126718,0.6741576077911009,0.35642896013354913,0.21348787486006834,0.014439710737090057,0.3057481633862619,0.5000000000000001,0.4784411706596008,0.4025902731117436,0.14741427821482647,0.14851818816198925,0.14938926717886275
7/31/2008,0.14144666237389997,0.2359379134153694,0.21065805284349914,0.18078958203083303,0.2265938347530463,0.2265938347530463,0.35743006884188766,0.8024156134179776,0.6330111844123262,0.8873292867981797,0.06263828324705178,0.14909523809523814,0.258949993550329,0.04761904761904765,0.5055091819699501,0.9373617167529488,0.14461797718311944,0.15140455429528374,0.7184401850627891,0.1313017397350787,0.34355503859574926,0.5054754929909758,0.5081328677531995,0.13023577164842792,0.14905907980258143,0.05067237874458762,0.7496895267007037,0.5442729488220959,0.4595067853494819,0.1588808471974183,0.13279761745056476,0.13735691987513005,0.14144666237389997,0.13941299790356393,0.13793103448275862,0.019803173134385905,0.697600079173239,0.41207759699624535,0.7619941972988723,0.6432624107706358,0.16733464166104958,0.598035255890323,0.41464054945204265,0.3026486709151395,0.020541076818206935,0.9990879274468129,0.6000000000000001,0.4438667980327423,0.519620461035636,0.13258881868412023,0.12666601952061154,0.14206746311430046
8/29/2008,0.1405881090362739,0.0004825438410055997,0.21065805284349914,0.17979841107671662,0.2265938347530463,0.2265938347530463,0.35743006884188766,0.8024156134179776,0.6330111844123262,0.8873292867981797,0.06263828324705178,0.14909523809523814,0.258949993550329,0.04761904761904765,0.5055091819699501,0.9373617167529488,0.1438220156125092,0.15140455429528374,0.7184401850627891,0.13057872396364856,0.34355503859574926,0.5070581758842381,0.5097134746739997,0.13023577164842792,0.14905907980258143,0.05067237874458762,0.7496895267007037,0.5458976441917142,0.4595067853494819,0.15800357176426352,0.13199046622485758,0.1420395421436004,0.1405881090362739,0.14046121593291402,0.13685344827586207,0.017499469859078905,0.23649954259569597,0.37359198998748433,0.9602671602686006,0.467132411260191,1.0,0.5741554027251559,0.4744340856071251,0.36954794625412657,0.014617091839447992,0.33914520583153435,0.4,0.6204282641766896,0.5376871739681187,0.13583300916606567,0.13421931291404376,0.14073163675619432
9/30/2008,0.11912427559562139,0.22755900047278452,0.21065805284349914,0.15230485368791835,0.2265938347530463,0.2265938347530463,0.35743006884188766,0.8024156134179776,0.6330111844123262,0.8873292867981797,0.06263828324705178,0.14909523809523814,0.258949993550329,0.04761904761904765,0.5055091819699501,0.9373617167529488,0.12183701013042236,0.15140455429528374,0.7184401850627891,0.11061795362320846,0.34355503859574926,0.5540668069126871,0.5564623436529761,0.13023577164842792,0.14905907980258143,0.05067237874458762,0.7496895267007037,0.5889520714865963,0.4595067853494819,0.13384716608703823,0.1118407519698067,0.08074921956295522,0.11912427559562139,0.11844863731656184,0.0836206896551724,0.010193164073795617,0.6625102585005588,0.3566958698372966,0.1243091608286707,0.13585352148726976,0.30418907800084505,0.6311483591890328,0.3848580372577927,0.2288222426374664,0.014831643682493371,0.35865659413442724,0.4,0.41470207098793543,0.43052581804254814,0.12108874881505861,0.12119885638302748,0.12421437683117907
10/31/2008,0.0252200042927667,0.03210488876551189,0.21065805284349914,0.032220680400738014,0.2265938347530463,0.2265938347530463,0.35743006884188766,0.8024156134179776,0.6330111844123262,0.8873292867981797,0.06263828324705178,0.14909523809523814,0.258949993550329,0.04761904761904765,0.5055091819699501,0.9373617167529488,0.025772684680163072,0.15140455429528374,0.7184401850627891,0.023399419511739492,0.34355503859574926,0.865894658199477,0.8666161302549132,0.13023577164842792,0.14905907980258143,0.05067237874458762,0.7496895267007037,0.8765231519090171,0.4595067853494819,0.02832346398471032,0.023677926538059064,0.011446409989594149,0.0252200042927667,0.0251572327044025,0.011853448275862046,0.008448518497098684,0.3746518113556633,0.3620150187734669,0.23563639894487076,0.24122947437762704,0.5996967019377129,0.8931786638487481,0.0,0.0,0.014294234790257765,0.3660287282939019,0.5000000000000001,0.0,0.0,0.045033442731918144,0.06490997038391029,0.027485403961268844
11/28/2008,0.011268512556342569,0.4991194930361875,0.21065805284349914,0.014364354442733167,0.2265938347530463,0.2265938347530463,0.35743006884188766,0.8024156134179776,0.6330111844123262,0.8873292867981797,0.06263828324705178,0.14909523809523814,0.258949993550329,0.04761904761904765,0.5055091819699501,0.9373617167529488,0.011500270310600401,0.15140455429528374,0.7184401850627891,0.010443945521280527,0.34355503859574926,0.936161846528911,0.9365015362531551,0.13023577164842792,0.14905907980258143,0.05067237874458762,0.7496895267007037,0.941510966693745,0.4595067853494819,0.012657831249804177,0.010580165097081701,0.017689906347554622,0.011268512556342569,0.010482180293501047,0.007866379310344833,0.0032049428411697802,0.6197027145885529,0.3742177722152692,0.5156912455485914,0.3296556754359767,0.20257666380766226,0.742538011612599,0.15764809235602098,0.1004897897282477,0.015917183544137768,0.27931923900126704,0.6000000000000001,0.48073531495775274,0.3146669879245026,0.004666120303193888,0.009740158648466059,0.002959010711851907
12/31/2008,0.017171066752522016,0.1958401467800771,0.21065805284349914,0.021912502477927375,0.2265938347530463,0.2265938347530463,0.35743006884188766,0.8024156134179776,0.6330111844123262,0.8873292867981797,0.06263828324705178,0.14909523809523814,0.258949993550329,0.04761904761904765,0.5055091819699501,0.9373617167529488,0.01753859946695386,0.15140455429528374,0.7184401850627891,0.01592364399948801,0.34355503859574926,0.9053142756030906,0.9058248590759901,0.13023577164842792,0.14905907980258143,0.05067237874458762,0.7496895267007037,0.9130787977254264,0.4595067853494819,0.01926872826393458,0.016122901630400754,0.025494276795005193,0.017171066752522016,0.018343815513626835,0.02370689655172413,0.004670059568561679,0.3368487217016955,0.3961201501877348,0.5584738577823682,0.5107231055192287,0.11108332504850482,0.5724930261529414,0.5085950889940022,0.37904648230391896,0.015260348990662826,0.24156359049390058,0.30000000000000004,0.47184095723356184,0.6278363206656666,0.006103156948572568,0.008694346202382169,0.007022796420451418
1/30/2009,0.0,0.009740879379220904,0.21065805284349914,0.0,0.2265938347530463,0.2265938347530463,0.35743006884188766,0.8024156134179776,0.6330111844123262,0.8873292867981797,0.06263828324705178,0.14909523809523814,0.258949993550329,0.04761904761904765,0.5055091819699501,0.9373617167529488,0.0,0.15140455429528374,0.7184401850627891,0.0,0.34355503859574926,1.0,1.0,0.13023577164842792,0.14905907980258143,0.05067237874458762,0.7496895267007037,1.0,0.4595067853494819,0.0,0.0,0.0,0.0,0.0,0.0,0.006000231334220114,0.137199986876523,0.3823529411764706,0.4327287555176315,0.12495874291630193,0.11826982200150458,0.618521973553921,0.41105465576894945,0.28399085997536905,0.011090783810635909,0.31000994911266233,0.2,0.43512192562454793,0.4293858855789004,0.0012444246377194856,0.005893913225040096,0.0
2/27/2009,0.004400085855333764,0.00273043908236427,0.21065805284349914,0.005581054910870853,0.2265938347530463,0.2265938347530463,0.35743006884188766,0.8024156134179776,0.6330111844123262,0.8873292867981797,0.06263828324705178,0.14909523809523814,0.258949993550329,0.04761904761904765,0.5055091819699501,0.9373617167529488,0.004473850928661867,0.15140455429528374,0.7184401850627891,0.00406480158579155,0.34355503859574926,0.9743231818807384,0.9744602953154359,0.13023577164842792,0.14905907980258143,0.05067237874458762,0.7496895267007037,0.9764419171405363,0.4595067853494819,0.0049190086787605156,0.004131898795310008,0.00988553590010405,0.004400085855333764,0.009433962264150927,0.0076508620689655265,0.0025591348100167718,0.06427640428660461,0.3566958698372966,0.6642816129395446,0.355862232325841,0.38227841293719167,0.5689408186390998,0.49721155458551136,0.3860402275989048,0.014758943877841465,0.2955206739555806,0.5000000000000001,1.0,0.5977722347120237,0.0,0.0,0.0036890553494216163
3/31/2009,0.0497960935823138,0.8860968817908558,0.0,0.03299836838012167,0.0,0.0,0.0,0.40017509003507046,0.0,0.8180955993930199,0.38053401499366313,0.0,0.3614739648277938,0.04761904761904765,0.0,0.6194659850063371,0.01022201612913855,0.004423680814983552,0.0,0.08638827676628602,1.0,0.6278139315415923,0.6062192043740876,0.011377014167807276,0.0,0.05067237874458762,1.0,0.5190901705930138,1.0,0.056646927969420675,0.08488503125754608,0.03839750260145679,0.0497960935823138,0.05870020964360588,0.022306034482758624,0.04314865151427525,0.8504423819462809,0.5381727158948687,0.8352182945341174,0.8275298456338676,0.438307741605473,0.5028013994040631,0.5692032461631767,0.5367844575917158,0.023472230461755,0.20578455336373233,0.7000000000000001,0.45013504820164874,0.6907460282242098,0.004503721943795072,0.00773095330108594,0.00475499818459648
4/29/2009,0.04174715604206912,0.008734585706292371,0.0,0.023666112627517957,0.0,0.0,0.0,0.40017509003507046,0.0,0.8180955993930199,0.38053401499366313,0.0,0.3614739648277938,0.04761904761904765,0.0,0.6194659850063371,0.0019604839652186136,0.004423680814983552,0.0,0.07757371128492702,1.0,0.6552700391247076,0.6327266275815908,0.011377014167807276,0.0,0.05067237874458762,1.0,0.5393988627132412,1.0,0.04756086098317509,0.07608685930974034,0.05515088449531738,0.04174715604206912,0.050838574423480096,0.04795258620689655,0.000640988568233956,0.0567547771799775,0.3873591989987485,0.43571112163352677,0.3493554412465946,0.09710512350211158,0.47796803857059283,0.8116796388169396,0.5215472136965603,0.015156161574623206,0.2864520944663091,0.30000000000000004,0.47103496104428316,0.8629605777341569,0.04453114082959126,0.050268596138735945,0.04197368344410202
5/29/2009,0.13554410817772056,0.035263653279780004,0.0,0.13203921987221517,0.0,0.0,0.0,0.40017509003507046,0.0,0.8180955993930199,0.38053401499366313,0.0,0.3614739648277938,0.04761904761904765,0.0,0.6194659850063371,0.09794246856334582,0.004423680814983552,0.0,0.17995482016279965,1.0,0.4184082732044906,0.4040224833270163,0.011377014167807276,0.0,0.05067237874458762,1.0,0.3614947197400487,1.0,0.15327255067832188,0.1786151878582991,0.1399583766909469,0.13554410817772056,0.13626834381551362,0.12607758620689655,0.020853816050739306,0.8779094812434411,0.6548811013767211,0.9393796696437325,0.6944170376635214,0.7089879168370631,0.26907879861879413,0.8259427403762208,0.8367674170321295,0.013173585718032245,0.30513969610582137,0.8,0.45273194504424674,1.0,0.06843013660345729,0.07710256837617005,0.0626731671705138
6/30/2009,0.09594333547971669,0.032186216379164516,0.0,0.08629286814376555,0.0,0.0,0.0,0.40017509003507046,0.0,0.8180955993930199,0.38053401499366313,0.0,0.3614739648277938,0.04761904761904765,0.0,0.6194659850063371,0.057430769314356374,0.004423680814983552,0.0,0.13674338475163197,1.0,0.4999115270432338,0.48271412788400275,0.011377014167807276,0.0,0.05067237874458762,1.0,0.42242079610073113,1.0,0.1086254973838393,0.1353286290502893,0.1056191467221644,0.09594333547971669,0.0990566037735849,0.0949353448275862,0.012805312975921964,0.09320651282372508,0.2697121401752191,0.3072919658633443,0.03720181443307122,0.23750137925118267,0.5509806643642293,0.7506915076978261,0.4067232559712139,0.015821495553626937,0.26849571246316833,0.30000000000000004,0.22712571378674234,0.5544636708840054,0.14016300263236428,0.15519966592611179,0.127394730863996
7/31/2009,0.17493024254131792,0.04832053055966411,0.0,0.1775568398420226,0.0,0.0,0.0,0.40017509003507046,0.0,0.8180955993930199,0.38053401499366313,0.0,0.3614739648277938,0.04761904761904765,0.0,0.6194659850063371,0.13826203712017857,0.004423680814983552,0.0,0.22296215064327649,1.0,0.35451113776222404,0.34232236316863296,0.011377014167807276,0.0,0.05067237874458762,1.0,0.3135662063363119,1.0,0.19766895384904593,0.22166697968930266,0.14255983350676377,0.17493024254131792,0.18553459119496857,0.14493534482758622,0.04487401923929597,0.8965768859154924,0.6933667083854821,0.9674452193963409,0.7702933204671981,0.706236165400333,0.4189712884106583,0.4870294468950435,0.5694771795947976,0.0,0.34260370800648204,0.7000000000000001,0.6740998619983783,0.7581866892160928,0.10876724538392128,0.11747898759494274,0.1028197974126129
8/31/2009,0.21045288688559774,0.03871845030774369,0.0,0.21859131734244194,0.0,0.0,0.0,0.40017509003507046,0.0,0.8180955993930199,0.38053401499366313,0.0,0.3614739648277938,0.04761904761904765,0.0,0.6194659850063371,0.174601799861142,0.004423680814983552,0.0,0.2617247904465055,1.0,0.3074926764052455,0.2969202358007468,0.011377014167807276,0.0,0.05067237874458762,1.0,0.27782290820471156,1.0,0.23767897985399633,0.26049520181016517,0.21279916753381892,0.21045288688559774,0.2070230607966457,0.2079741379310345,0.017538025562431322,0.39487604918576896,0.4496245306633292,0.7297563925462593,0.5482234000882725,0.4409413391347808,0.34475655942870514,0.8969896022160859,0.6583814470502826,0.015305922264928192,0.31649608601332707,0.5000000000000001,0.4680709666961017,0.8469478749483442,0.2005298718563645,0.21047570729706017,0.19293565316666536
9/30/2009,0.23288259283107965,0.15721169903144233,0.0,0.24439225971728754,0.0,0.0,0.0,0.40017509003507046,0.0,0.8180955993930199,0.38053401499366313,0.0,0.3614739648277938,0.04761904761904765,0.0,0.6194659850063371,0.19746510776597118,0.004423680814983552,0.0,0.2861135999612547,1.0,0.28189450091422064,0.27220309186068076,0.011377014167807276,0.0,0.05067237874458762,1.0,0.2583265637692932,1.0,0.2628693172917254,0.2850115818375322,0.23194588969823102,0.23288259283107965,0.23113207547169806,0.23922413793103448,0.021171900603396757,0.5061034215058219,0.42428035043804774,0.25772393425319,0.42684255687092204,0.3677919310307329,0.4219343711931906,0.6426073710631073,0.6658677322579951,0.01484739930890271,0.36229438664825414,0.4,0.39206211227484816,0.6853637787209736,0.23774930980697295,0.24477322720138026,0.23311529074610152
10/30/2009,0.35919725262931956,0.16274306112800316,0.0,0.390353619298861,0.0,0.0,0.0,0.40017509003507046,0.0,0.8180955993930199,0.38053401499366313,0.0,0.3614739648277938,0.04761904761904765,0.0,0.6194659850063371,0.3267402415389926,0.004423680814983552,0.0,0.424008966779328,1.0,0.17581542575152861,0.1697700862075917,0.011377014167807276,0.0,0.05067237874458762,1.0,0.17871649065800163,1.0,0.4052385875865525,0.4230836307048375,0.34547346514047866,0.35919725262931956,0.35639412997903563,0.30926724137931033,0.31280724076108957,1.0,0.7230913642052567,0.9340670167680812,0.791961001389075,0.6015880690346188,0.22186998930567947,0.6716991425775233,0.9381325336574854,0.008015278473993383,0.8976581027205979,0.8,0.4471638250250424,0.8121502451135432,0.27268384060789913,0.2771183196669518,0.27066599098705474
11/30/2009,0.40051513200257566,0.3009371109829147,0.0,0.43806706415163393,0.0,0.0,0.0,0.40017509003507046,0.0,0.8180955993930199,0.38053401499366313,0.0,0.3614739648277938,0.04761904761904765,0.0,0.6194659850063371,0.3690085435962849,0.004423680814983552,0.0,0.4690919406227622,1.0,0.15085622161492637,0.1456658306653871,0.011377014167807276,0.0,0.05067237874458762,1.0,0.16003249390739235,1.0,0.45179684807469367,0.46824608945292584,0.3975026014568158,0.40051513200257566,0.4082809224318658,0.39008620689655177,0.004313419312551809,0.14229584801173187,0.1636420525657071,0.6482886994118404,0.2586403774794946,0.30294207629260195,0.27462192066355656,1.0,0.6424798131,0.015184611707282249,0.20467093526402605,0.30000000000000004,0.3899734959539228,0.9192780344605974,0.44931282833738123,0.4699452551068066,0.4294720573473354
12/31/2009,0.3820562352436145,0.079373582188602,0.0,0.4167797618139953,0.0,0.0,0.0,0.40017509003507046,0.0,0.8180955993930199,0.38053401499366313,0.0,0.3614739648277938,0.04761904761904765,0.0,0.6194659850063371,0.3501525251273085,0.004423680814983552,0.0,0.4489789564357052,1.0,0.16155161905510884,0.15599622589776052,0.011377014167807276,0.0,0.05067237874458762,1.0,0.16815597075548333,1.0,0.4310242190682081,0.4480695446862171,0.37669094693028093,0.3820562352436145,0.3825995807127882,0.37931034482758624,0.030193935187862665,0.6167288540520228,0.3976846057571966,0.8105881268612881,0.5116818754029462,0.23624516463252682,0.6361358597586804,0.34195537017483035,0.2797578040598852,0.015184575479395767,0.3638763122032029,0.4,0.4441258227662121,0.42414800107735956,0.3878356075398163,0.38249811808706036,0.39575214984554435
1/29/2010,0.36284610431423053,0.1190484452329006,0.0,0.3945927812256973,0.0,0.0,0.0,0.40017509003507046,0.0,0.8180955993930199,0.38053401499366313,0.0,0.3614739648277938,0.04761904761904765,0.0,0.6194659850063371,0.3305004737863581,0.004423680814983552,0.0,0.42801841787544065,1.0,0.17344631657589998,0.16747981903663622,0.011377014167807276,0.0,0.05067237874458762,1.0,0.17709179528838345,1.0,0.4094056458940376,0.4270701975620008,0.34037460978147754,0.36284610431423053,0.3721174004192872,0.3456896551724138,0.04146183949260694,0.20477232985321098,0.41989987484355457,0.2770558720469039,0.300121145559653,0.21789998834664867,0.5778728983426876,0.4770675054806853,0.37200587405394936,0.014747248645997536,0.33032809860679313,0.30000000000000004,0.4464300279692979,0.5599686944774199,0.3856451180409475,0.3906869577480783,0.3825666893834808
2/26/2010,0.3659583601631251,0.06385085166277017,0.0,0.3981914942283352,0.0,0.0,0.0,0.40017509003507046,0.0,0.8180955993930199,0.38053401499366313,0.0,0.3614739648277938,0.04761904761904765,0.0,0.6194659850063371,0.33368435470089003,0.004423680814983552,0.0,0.43141555417948085,1.0,0.17146059021292492,0.1655685749538318,0.011377014167807276,0.0,0.05067237874458762,1.0,0.17546709991876522,1.0,0.4129147476266566,0.43047320079060575,0.3610822060353798,0.3659583601631251,0.35901467505241086,0.3712284482758621,0.032410888130626724,0.3088805440536476,0.44274092615769717,0.4651030810684348,0.3794566796219081,0.020985196131928684,0.5927442386699625,0.46911738576539447,0.3445740189507242,0.015184575479395767,0.33535041471650795,0.4,0.4548578541124454,0.5314750526185256,0.37994418028484,0.37583861886821496,0.38658387649819304
3/31/2010,0.5062245116977891,0.3539594619798828,0.0,0.560133579347047,0.0,0.0,0.0,0.40017509003507046,0.0,0.8180955993930199,0.38053401499366313,0.0,0.3614739648277938,0.04761904761904765,0.0,0.6194659850063371,0.47712208040854037,0.004423680814983552,0.0,0.584414685868674,1.0,0.10034799362994709,0.09690088143028798,0.011377014167807276,0.0,0.05067237874458762,1.0,0.12185215272136474,1.0,0.5708869881254504,0.5837939237834597,0.44068678459937555,0.5062245116977891,0.550314465408805,0.4440732758620689,0.19561718042141385,0.7104456839001051,0.7108886107634542,1.0,1.0,0.5287068872977049,0.31329407852559926,0.599210353884993,0.8484039123902576,0.014045137677499044,0.19862992992357478,0.6000000000000001,0.4700871968881387,0.7128121847636739,0.4189934323082103,0.4184550181597734,0.42170756664084313
4/30/2010,0.5512985619231594,0.14295551054222747,0.0,0.6122539227496607,0.0,0.0,0.0,0.40017509003507046,0.0,0.8180955993930199,0.38053401499366313,0.0,0.3614739648277938,0.04761904761904765,0.0,0.6194659850063371,0.5232878148346606,0.004423680814983552,0.0,0.6336593246548378,1.0,0.0831252580461239,0.0802722514777868,0.011377014167807276,0.0,0.05067237874458762,1.0,0.10885458976441915,1.0,0.6217376319829557,0.6330636866911717,0.4963579604578564,0.5512985619231594,0.5922431865828092,0.5140086206896552,0.3421770477897943,0.6056269714822282,0.4993742177722152,0.9027528873356675,0.9933052266926814,0.3312644227641778,0.24873875287926242,0.7579126682180682,1.0,0.015289099176625002,0.25385741221087615,0.4,0.43873664615759234,0.7671515212437149,0.5381673911647746,0.5322251262392693,0.5461704693060885
5/31/2010,0.6160120197467267,0.2142201874655713,0.0,0.6869577151222191,0.0,0.0,0.0,0.40017509003507046,0.0,0.8180955993930199,0.38053401499366313,0.0,0.3614739648277938,0.04761904761904765,0.0,0.6194659850063371,0.5894624455930614,0.004423680814983552,0.0,0.7042450366178082,1.0,0.06177378447987731,0.059651782618162466,0.011377014167807276,0.0,0.05067237874458762,1.0,0.09260763606823721,1.0,0.6946141554657391,0.703800094801141,0.5978147762747138,0.6160120197467267,0.6056603773584905,0.6126077586206897,0.005325506525552792,0.6005979135659969,0.4123904881101375,0.6903581520021476,0.5923974743348578,0.51767908254534,0.2904801210186027,0.6624396779476249,0.8847020889719275,0.015176926207322835,0.2774877643608433,0.7000000000000001,0.46001885941202597,0.6906698013379472,0.6335216650741562,0.6203426088899551,0.6488446461128033
6/30/2010,0.6411247048722901,0.22243752954903295,0.0,0.7159609021180561,0.0,0.0,0.0,0.40017509003507046,0.0,0.8180955993930199,0.38053401499366313,0.0,0.3614739648277938,0.04761904761904765,0.0,0.6194659850063371,0.6151527914582743,0.004423680814983552,0.0,0.7316469884144505,1.0,0.054371547097103984,0.052506794190463134,0.011377014167807276,0.0,0.05067237874458762,1.0,0.08692120227457352,1.0,0.7229062881849797,0.7312499441031005,0.6213319458896983,0.6411247048722901,0.6540880503144654,0.6272629310344828,0.6005532743431072,0.04223439221371401,0.32540675844806033,0.4734504652513399,0.23250091824994887,0.4524263193003402,0.35723517734285026,0.6060059580000151,0.6586677214473143,0.016224673953107015,0.16325251109321431,0.4,0.4196320471858809,0.6730811446361493,0.6999671426575177,0.7024544540437775,0.6984371996575003
7/30/2010,0.675037561708521,0.027258847359997226,0.0,0.7550740328458806,0.0,0.0,0.0,0.40017509003507046,0.0,0.8180955993930199,0.38053401499366313,0.0,0.3614739648277938,0.04761904761904765,0.0,0.6194659850063371,0.6497908412179926,0.004423680814983552,0.0,0.7685968996806968,1.0,0.04506222597959223,0.04352314056917977,0.011377014167807276,0.0,0.05067237874458762,1.0,0.08042242079610072,1.0,0.7610677695272112,0.768318531834402,0.6416233090530696,0.675037561708521,0.670859538784067,0.6644396551724138,0.0640988568233956,0.8378468228681633,0.5563204005006259,0.8440936640624597,0.6290489862622456,0.5557312433169376,0.4755127298326777,0.4823725152762643,0.5276425000695317,0.01854241125224108,0.35240021896881585,1.0,0.4764761077856689,0.5889969530732453,0.6714171334045884,0.6637850351748305,0.6807200259398837
8/31/2010,0.656149388280747,0.10875236934447775,0.0,0.73325302307141,0.0,0.0,0.0,0.40017509003507046,0.0,0.8180955993930199,0.38053401499366313,0.0,0.3614739648277938,0.04761904761904765,0.0,0.6194659850063371,0.6304681879176616,0.004423680814983552,0.0,0.74798576108653,1.0,0.05016416648644396,0.04844237639411948,0.011377014167807276,0.0,0.05067237874458762,1.0,0.08367181153533712,1.0,0.7397625090077388,0.7476724531136808,0.6537981269510925,0.656149388280747,0.660377358490566,0.6454741379310346,0.08748289090663737,0.14830966417949548,0.26627033792240323,0.25062028489192895,0.09011893252263013,0.2932967311716473,0.5540624542014567,0.5273196210096767,0.4080720636788244,0.015205720039048312,0.32351946579124663,0.30000000000000004,0.41095283759499107,0.5507819473410707,0.7173569855843139,0.7172057210153356,0.7185600257845545
9/30/2010,0.8869929169349646,0.11811534641225943,0.0,1.0,0.0,0.0,0.0,0.40017509003507046,0.0,0.8180955993930199,0.38053401499366313,0.0,0.3614739648277938,0.04761904761904765,0.0,0.6194659850063371,0.8667315335237998,0.004423680814983552,0.0,1.0,1.0,0.0,0.0,0.011377014167807276,0.0,0.05067237874458762,1.0,0.04630381803411861,1.0,1.0,1.0,0.7950052029136316,0.8869929169349646,0.9213836477987422,0.7995689655172414,0.07764154762593256,0.8017143167224172,1.0,0.9064397525909691,0.7539410426437939,0.7051874741815066,0.0,0.6680447478834712,0.8640971086794711,0.015127557537101093,0.30083689766719407,0.9,0.5200093775876877,0.838584118084744,0.7688278237486835,0.7771393824395091,0.7608696074262623
10/29/2010,0.7616441296415539,0.06587536705862962,0.0,0.8551670504277284,0.0,0.0,0.0,0.40017509003507046,0.0,0.8180955993930199,0.38053401499366313,0.0,0.3614739648277938,0.04761904761904765,0.0,0.6194659850063371,0.7384444899763636,0.004423680814983552,0.0,0.8631597518914299,1.0,0.024241590153942918,0.023410723934098352,0.011377014167807276,0.0,0.05067237874458762,1.0,0.06417546709991877,1.0,0.8586959927311464,0.8629855204672087,0.7513007284079084,0.7616441296415539,0.7641509433962265,0.7618534482758621,0.005002602509976288,0.0008488464716690556,0.0,0.6552334840202672,0.15405077857790317,0.42257694997712836,0.6796668450037205,0.5642085990547104,0.28966942527130346,0.01524111051851464,0.31141025308812387,0.0,0.2945828265797975,0.47336517133758244,0.8859680264067294,0.8857665109242531,0.8866023217749399
11/30/2010,0.7286971453101524,0.01721542925798854,0.0,0.8170450906540204,0.0,0.0,0.0,0.40017509003507046,0.0,0.8180955993930199,0.38053401499366313,0.0,0.3614739648277938,0.04761904761904765,0.0,0.6194659850063371,0.7046847406022057,0.004423680814983552,0.0,0.8271507989497243,1.0,0.03171263983642331,0.030628291251018114,0.011377014167807276,0.0,0.05067237874458762,1.0,0.06986190089358245,1.0,0.8215057806184791,0.8269722661944496,0.6951092611862643,0.7286971453101524,0.7285115303983228,0.7198275862068966,0.003604958263451121,0.2584827153443808,0.2834793491864832,0.21658535778809648,0.13734522563514234,0.2266464292050056,0.7505674101216943,0.3790701960349111,0.1595901789600946,0.015184575479395767,0.30374910843902064,0.6000000000000001,0.28242621546490515,0.49446963056563226,0.8054580955582172,0.8024806451435661,0.8093321450691889
12/31/2010,0.7679759605065465,0.3027642713696438,0.0,0.8624102227847329,0.0,0.0,0.0,0.40017509003507046,0.0,0.8180955993930199,0.38053401499366313,0.0,0.3614739648277938,0.04761904761904765,0.0,0.6194659850063371,0.7448670764426668,0.004423680814983552,0.0,0.8700093749891893,1.0,0.02287517448833137,0.022096239607106282,0.011377014167807276,0.0,0.05067237874458762,1.0,0.06336311941510968,1.0,0.8657768587273239,0.8699055565989643,0.7513007284079084,0.7679759605065465,0.7693920335429769,0.7727370689655173,0.013648718986756117,0.7079544706729946,0.36733416770963695,0.4479072037755728,0.4346781526991718,0.34888404835352116,0.6516430984207154,0.4560337792833551,0.2576170492853663,0.01824472318289655,0.2412409742541201,0.4,0.3823791542244735,0.514923890919044,0.8055204112077539,0.7929639350387467,0.8195488867790076
1/31/2011,0.7667954496673104,0.08629239337407665,0.0,0.8611140761524269,0.0,0.0,0.0,0.40017509003507046,0.0,0.8180955993930199,0.38053401499366313,0.0,0.3614739648277938,0.04761904761904765,0.0,0.6194659850063371,0.7437143045128174,0.004423680814983552,0.0,0.8687812859994395,1.0,0.023120932701570895,0.022330104916816522,0.011377014167807276,0.0,0.05067237874458762,1.0,0.06336311941510968,1.0,0.8644922768430616,0.8686154561634156,0.7513007284079084,0.7667954496673104,0.7494758909853249,0.7578663793103448,0.1786864071867831,0.5868838038844959,0.40112640801001237,0.22229223343264895,0.04759438246023174,0.3291392652213571,0.574088652064853,0.46920173967371087,0.37185640661942665,0.01935573356841931,0.5891275777045737,0.5000000000000001,0.4507651050166702,0.5425831581494568,0.8020137396565474,0.7798482381448647,0.8262416098260896
2/28/2011,0.6105387422193604,0.13204134479004465,0.0,0.6805837234480551,0.0,0.0,0.0,0.40017509003507046,0.0,0.8180955993930199,0.38053401499366313,0.0,0.3614739648277938,0.04761904761904765,0.0,0.6194659850063371,0.5838083737466577,0.004423680814983552,0.0,0.6982152926484171,1.0,0.06346460098696496,0.06128883978613419,0.011377014167807276,0.0,0.05067237874458762,1.0,0.0942323314378554,1.0,0.6883792336372465,0.697816890701439,0.6160249739854318,0.6105387422193604,0.6132075471698113,0.584051724137931,1.0,0.35898124191684555,0.2784730913642055,0.2615661149378617,0.22999724385056763,0.3279982887225478,1.0,0.24549871673502133,0.05372162597108613,0.011230156715972765,1.0,0.30000000000000004,0.42339137201002125,0.2697891079778336,0.6816123513394097,0.6955696747358459,0.6679908433763002
3/31/2011,0.789439793947199,0.12883812118031307,1.0,0.5722411137711767,0.4449940792238052,0.4449940792238052,0.0,0.0892959178859189,0.3439035109806848,0.37120637329286804,0.0,0.9123809523809522,0.76545556176635,0.8095238095238094,0.0,1.0,0.778045412087159,0.6998084602697606,0.48320615273688644,0.40587130319268544,0.0,0.22317794860704243,0.21405933727409818,0.71751711539827,0.9125136421277743,1.0,0.367738374499793,0.029244516653127543,0.4028892455858748,0.5081931259203559,0.35257751781993146,0.6733610822060354,0.789439793947199,0.8270440251572327,0.6714439655172414,0.22517976596688066,0.7867950551761248,0.9058197747183979,0.9256061927112713,0.899646299208847,0.44194264138262984,0.3927042364821188,0.503684020264252,0.5115883203727315,0.02406359583273741,0.47765752118304206,0.4,0.45202910753326636,0.6542788915439036,0.6710583463314977,0.6848001875502534,0.6577042037756501
4/29/2011,0.7231165486155826,0.028287370580657473,1.0,0.5168117842602052,0.4449940792238052,0.4449940792238052,0.0,0.0892959178859189,0.3439035109806848,0.37120637329286804,0.0,0.9123809523809522,0.76545556176635,0.8095238095238094,0.0,1.0,0.7101965519674969,0.6998084602697606,0.48320615273688644,0.3662680278274587,0.0,0.25260995222460336,0.2423812327121118,0.71751711539827,0.9125136421277743,1.0,0.367738374499793,0.038180341186027617,0.4028892455858748,0.45909703292916004,0.31642340336096875,0.7199791883454734,0.7231165486155826,0.7232704402515723,0.7210129310344827,0.028169760761860698,0.3526748470842981,0.39643304130162715,0.8212107293013474,0.46749951896412734,0.660544329897436,0.3811386706444434,0.6110417640027034,0.529770131740688,0.024420017311188057,0.28790135033565123,0.5000000000000001,0.455251474269822,0.6388689838046792,0.749772453461541,0.7540912146259897,0.746117269244733
5/31/2011,0.7401802962009014,0.07890621950214488,1.0,0.531069397215572,0.4449940792238052,0.4449940792238052,0.0,0.0892959178859189,0.3439035109806848,0.37120637329286804,0.0,0.9123809523809522,0.76545556176635,0.8095238095238094,0.0,1.0,0.7276528126195004,0.6998084602697606,0.48320615273688644,0.37645597733397446,0.0,0.2446375557871144,0.2347120634178205,0.71751711539827,0.9125136421277743,1.0,0.367738374499793,0.035743298131600335,0.4028892455858748,0.47172353291349434,0.32572688327833077,0.7356919875130072,0.7401802962009014,0.741299790356394,0.7424568965517242,0.020583926127272376,0.5704732549927255,0.41708385481852317,0.6851319317531652,0.6572731428998436,0.241770474790422,0.48229350920232233,0.4943126323976549,0.48207833648414666,0.015488498680849802,0.31679534560604766,0.6000000000000001,0.41503376726888924,0.5679100621160298,0.7572352245818249,0.7499445957504486,0.7658595401883742
6/30/2011,0.7699077055162052,0.04500615921127396,1.0,0.5559096662041203,0.4449940792238052,0.4449940792238052,0.0,0.0892959178859189,0.3439035109806848,0.37120637329286804,0.0,0.9123809523809522,0.76545556176635,0.8095238095238094,0.0,1.0,0.7580640340069531,0.6998084602697606,0.48320615273688644,0.39420964689846993,0.0,0.23142559424335968,0.22200269348322219,0.71751711539827,0.9125136421277743,1.0,0.367738374499793,0.03168155970755484,0.4028892455858748,0.4937180812733025,0.34193027644370505,0.7149843912591051,0.7699077055162052,0.7641509433962265,0.7404094827586208,0.016260867888882462,0.8037727360597562,0.5021902377972466,0.5592261220183322,0.5888286470924664,0.22841515140206395,0.5262145311847677,0.4844148211410946,0.4283878571360075,0.004755066474090092,0.3095985268962604,0.6000000000000001,0.4580982229130841,0.5392351286027512,0.7760186720346258,0.7721410949344951,0.7809555429998223
7/29/2011,0.7629319596479931,0.05108078976703434,1.0,0.5500846307506976,0.4449940792238052,0.4449940792238052,0.0,0.0892959178859189,0.3439035109806848,0.37120637329286804,0.0,0.9123809523809522,0.76545556176635,0.8095238095238094,0.0,1.0,0.7509278268221719,0.6998084602697606,0.48320615273688644,0.3900410631445305,0.0,0.2344533354304701,0.22491391337306357,0.71751711539827,0.9125136421277743,1.0,0.367738374499793,0.033306255077173025,0.4028892455858748,0.4885797537362533,0.3381270514162038,0.7700312174817897,0.7629319596479931,0.7683438155136267,0.7629310344827586,0.013499315636265495,0.42891861839329143,0.39361702127659576,0.7086724507489696,0.4738987514903332,0.27837745012401244,0.5594506220282686,0.45703991366609276,0.394980019393339,0.014159907339738018,0.27392520584634783,0.30000000000000004,0.42303081931793735,0.5117928027972107,0.7943111477031974,0.7866799026350448,0.8031597729871823
8/30/2011,0.6795449667310581,0.12127790621516467,1.0,0.48042818585217834,0.4449940792238052,0.4449940792238052,0.0,0.0892959178859189,0.3439035109806848,0.37120637329286804,0.0,0.9123809523809522,0.76545556176635,0.8095238095238094,0.0,1.0,0.6656775999519273,0.6998084602697606,0.48320615273688644,0.34028097292323234,0.0,0.2743448086035035,0.26329201712861783,0.71751711539827,0.9125136421277743,1.0,0.367738374499793,0.044679122664500415,0.4028892455858748,0.4269198232916628,0.292673928791822,0.6628511966701353,0.6795449667310581,0.6645702306079665,0.6702586206896552,0.008515990977965416,0.18526769285750325,0.1943053817271588,0.0,0.0,0.5035194401553114,0.778788610338697,0.3908315251936579,0.12271066843902648,0.015163393035548665,0.2964038802460191,0.1,0.3028783871065497,0.4381528839987444,0.7651889674863386,0.7560546313373765,0.7757384420925092
9/30/2011,0.7037990985189956,0.01946169794707416,1.0,0.5006633221000625,0.4449940792238052,0.4449940792238052,0.0,0.0892959178859189,0.3439035109806848,0.37120637329286804,0.0,0.9123809523809522,0.76545556176635,0.8095238095238094,0.0,1.0,0.6904347494929766,0.6998084602697606,0.48320615273688644,0.35473091013502056,0.0,0.26200774629888135,0.25141327225954213,0.71751711539827,0.9125136421277743,1.0,0.367738374499793,0.041429731925264016,0.4028892455858748,0.4448099758749255,0.3058946634112312,0.6784599375650364,0.7037990985189956,0.7268343815513627,0.7025862068965518,0.012949896863493533,0.4330500234348991,0.5046933667083859,0.5708325133535821,0.7518315275777238,0.30598882840612346,0.6430691300194661,0.41242465695734737,0.28384115799660486,0.014433941474016505,0.2778648644600549,0.6000000000000001,0.4554388991233147,0.5206042926885339,0.7205294186516416,0.7123045054186273,0.7302795721472429
10/31/2011,0.7147456535737281,0.024715461789034002,1.0,0.5098583387974809,0.4449940792238052,0.4449940792238052,0.0,0.0892959178859189,0.3439035109806848,0.37120637329286804,0.0,0.9123809523809522,0.76545556176635,0.8095238095238094,0.0,1.0,0.7016879972471807,0.6998084602697606,0.48320615273688644,0.3613003213787806,0.0,0.2566108959361422,0.24622791384079415,0.71751711539827,0.9125136421277743,1.0,0.367738374499793,0.03980503655564583,0.4028892455858748,0.4529561048970768,0.311862216379133,0.7044745057232049,0.7147456535737281,0.7054507337526205,0.7141163793103448,0.0005735160873672239,0.7698502131336619,0.3911138923654569,0.5050457709768632,0.53074843869576,0.0,0.5443810156668155,0.4933044209915342,0.4150697229473843,0.0151772433280703,0.3117514019153964,0.6000000000000001,0.49347775813453254,0.5489156807866516,0.7400833141350788,0.728808561376004,0.7529944450592864
11/30/2011,0.7327752736638763,0.017106992439785036,1.0,0.5249241373000503,0.4449940792238052,0.4449940792238052,0.0,0.0892959178859189,0.3439035109806848,0.37120637329286804,0.0,0.9123809523809522,0.76545556176635,0.8095238095238094,0.0,1.0,0.7201323481247693,0.6998084602697606,0.48320615273688644,0.37206599162131965,0.0,0.24803884945834892,0.23798617775376402,0.71751711539827,0.9125136421277743,1.0,0.367738374499793,0.03736799350121852,0.4028892455858748,0.46630322398721674,0.3216888912738233,0.7356919875130072,0.7327752736638763,0.7337526205450733,0.7355603448275863,0.0,0.5849973908522393,0.3879849812265334,0.1715926036010237,0.5163865137460729,0.49350343420193105,0.4604854975446305,0.532617482163595,0.5487396216850567,0.015187507813747761,0.2858534091220774,0.7000000000000001,0.43388272954761425,0.610699258535398,0.7590593735955388,0.7503951559286213,0.7691330914089667
12/30/2011,0.7147456535737281,0.016015033680475733,1.0,0.5098583387974809,0.4449940792238052,0.4449940792238052,0.0,0.0892959178859189,0.3439035109806848,0.37120637329286804,0.0,0.9123809523809522,0.76545556176635,0.8095238095238094,0.0,1.0,0.7016879972471807,0.6998084602697606,0.48320615273688644,0.3613003213787806,0.0,0.2566108959361422,0.24622791384079415,0.71751711539827,0.9125136421277743,1.0,0.367738374499793,0.03980503655564583,0.4028892455858748,0.4529561048970768,0.311862216379133,0.6801248699271591,0.7147456535737281,0.7169811320754718,0.7043103448275863,0.03857980066701367,0.2573934782509613,0.3238423028785981,0.4655006564325524,0.16463865168681446,0.3496410841610689,0.6414661162443658,0.46053282739152007,0.2753022118017053,0.015139195500219863,0.3078231649056225,0.5000000000000001,0.28976405695377333,0.49930587786367137,0.7645167138125477,0.7527761650002659,0.7778314956012865
1/31/2012,0.7352436145095512,0.004944176725988836,1.0,0.527028469479559,0.4449940792238052,0.4449940792238052,0.0,0.0892959178859189,0.3439035109806848,0.37120637329286804,0.0,0.9123809523809522,0.76545556176635,0.8095238095238094,0.0,1.0,0.7227123614915748,0.6998084602697606,0.48320615273688644,0.37357083305946365,0.0,0.246869040363329,0.23685717281033522,0.71751711539827,0.9125136421277743,1.0,0.367738374499793,0.036555645816409424,0.4028892455858748,0.4681517686499357,0.3230348886086591,0.7252861602497398,0.7352436145095512,0.7273584905660377,0.7308189655172415,0.006530372255315868,0.5667874623072856,0.40394242803504377,0.4058480230927312,0.44185180997742945,0.1467293644036034,0.5442389599499629,0.47329830436414266,0.41737822088669935,0.015128784304454454,0.29537374413366596,0.6000000000000001,0.43860298832701217,0.5530327397813687,0.7654986573810064,0.7535087831761567,0.7790741247716179
2/29/2012,0.7544537454389355,0.1017506039930774,1.0,0.5430396925845163,0.4449940792238052,0.4449940792238052,0.0,0.0892959178859189,0.3439035109806848,0.37120637329286804,0.0,0.9123809523809522,0.76545556176635,0.8095238095238094,0.0,1.0,0.7423094842990129,0.6998084602697606,0.48320615273688644,0.38501108739496376,0.0,0.2381691996146512,0.22848640758691321,0.71751711539827,0.9125136421277743,1.0,0.367738374499793,0.03411860276198212,0.4028892455858748,0.48234483190776073,0.3335054957831379,0.7304890738813735,0.7544537454389355,0.7547169811320754,0.7564655172413793,0.012516145200778825,0.5876931611771768,0.4036295369211517,0.7664414955409338,0.6284154489688785,0.12246604053639791,0.5479586034781018,0.47831811354700454,0.4132538194199228,0.015444413161055466,0.3194365422996035,0.4,0.4160171780048797,0.5394104321582285,0.7786264875500895,0.7631207336438415,0.7958806843003507
3/30/2012,0.7715174930242542,0.07809077462925453,0.9757672477528775,0.4452949877247289,0.1895030367852094,0.1895030367852094,0.47559411918485234,0.0,0.46822079485782564,0.3704476479514417,0.09282609785262666,1.0,1.0,1.0,1.0,0.9071739021473728,0.7662068127308242,1.0,0.5927416932043502,0.3005704559842528,0.13481019350745477,0.250771680789572,0.3039765166971767,1.0,1.0,1.0,0.2857734234855804,0.021933387489845663,0.17525171457755725,0.3675784064918382,0.3185474855338824,0.7513007284079084,0.7715174930242542,0.7655136268343815,0.7727370689655173,0.00986544059530006,0.5715705142338167,0.3807884856070089,0.41211713735428035,0.4356953109226358,0.1918629008690234,0.518389861986012,0.5064412784775215,0.48500951056968067,0.015135774244361987,0.2683421394372329,0.5000000000000001,0.4214729004878069,0.5668257981549654,0.806919680792807,0.7881451389868258,0.8275347208064658
4/30/2012,0.8057523073620949,0.1239882844861613,0.9757672477528775,0.46999801765809174,0.1895030367852094,0.1895030367852094,0.47559411918485234,0.0,0.46822079485782564,0.3704476479514417,0.09282609785262666,1.0,1.0,1.0,1.0,0.9071739021473728,0.8012840137019137,1.0,0.5927416932043502,0.3176979731342561,0.13481019350745477,0.2358590724102,0.28746885156004287,1.0,1.0,1.0,0.2857734234855804,0.017871649065800167,0.17525171457755725,0.3884450292947331,0.3363517658948423,0.787200832466181,0.8057523073620949,0.7914046121593291,0.7956896551724139,0.004583309236018738,0.8548215356257671,0.42521902377972487,0.29922500102402233,0.5036838913207841,0.0532888443733005,0.48202900128993875,0.49662043971236125,0.5164282695404974,0.015013928791201857,0.447400958975374,0.5000000000000001,0.36896168392716605,0.5679969127242757,0.8295591451048232,0.8207411531776401,0.8395358003405576
5/31/2012,0.7769907705516205,0.15040783087326337,0.9757672477528775,0.44932066667683246,0.1895030367852094,0.1895030367852094,0.47559411918485234,0.0,0.46822079485782564,0.3704476479514417,0.09282609785262666,1.0,1.0,1.0,1.0,0.9071739021473728,0.7719157764414676,1.0,0.5927416932043502,0.3033587369018255,0.13481019350745477,0.2482747773430588,0.3012104545857761,1.0,1.0,1.0,0.2857734234855804,0.021121039805036556,0.17525171457755725,0.37099351442804773,0.3213937556455868,0.7544224765868885,0.7769907705516205,0.7682389937106918,0.7803879310344828,0.03472904979469088,0.20446248309383253,0.37546933667083865,0.6880936041620233,0.2742007124449778,0.26799366971174426,0.5843188948678232,0.4573329013787626,0.36147144990859176,0.01536584711368254,0.28579244793592457,0.30000000000000004,0.4684777989855263,0.5261666853556921,0.8194224661135061,0.8101676413540985,0.829899599446253
6/29/2012,0.8252843957930887,0.06796765546586626,0.9757672477528775,0.4841031427743637,0.1895030367852094,0.1895030367852094,0.47559411918485234,0.0,0.46822079485782564,0.3704476479514417,0.09282609785262666,1.0,1.0,1.0,1.0,0.9071739021473728,0.8213202877207231,1.0,0.5927416932043502,0.3274811721849951,0.13481019350745477,0.2277883726874152,0.27853358386490645,1.0,1.0,1.0,0.2857734234855804,0.015434606011372873,0.17525171457755725,0.4003509101732619,0.34650935043331277,0.7772112382934442,0.8252843957930887,0.8176100628930817,0.7920258620689655,0.16936556590133595,0.9128929213754595,0.5012515644555694,0.8059765122170022,0.7987036462211333,0.37331509208392194,0.5196717974227917,0.4523494405039883,0.4496684148467006,0.012669536000772844,0.4925296730222175,0.4,0.3959049518443137,0.5342225800573042,0.8122486130047103,0.8023469423264656,0.8234379277605296
7/31/2012,0.7535951921013092,0.15839582908622463,0.9757672477528775,0.43239451653730615,0.1895030367852094,0.1895030367852094,0.47559411918485234,0.0,0.46822079485782564,0.3704476479514417,0.09282609785262666,1.0,1.0,1.0,1.0,0.9071739021473728,0.7478722496560783,1.0,0.5927416932043502,0.2916175142786966,0.13481019350745477,0.2589898354403004,0.3130730708128029,1.0,1.0,1.0,0.2857734234855804,0.02355808285946385,0.17525171457755725,0.35667512610834345,0.30922611860874855,0.7464099895941727,0.7535951921013092,0.770230607966457,0.7599137931034483,0.004959227343704817,0.0,0.2697121401752192,0.37208676882014774,0.17420916754646731,0.2252401951554056,0.6640388015813301,0.45156381871426715,0.275537407934306,0.01806750002886884,0.1758753076016972,0.30000000000000004,0.4041378979729871,0.48894630894719676,0.8234163327429093,0.8114863540707017,0.8367146438022895
8/31/2012,0.7630392788151963,0.018672277910552638,0.9757672477528775,0.43922597172875466,0.1895030367852094,0.1895030367852094,0.47559411918485234,0.0,0.46822079485782564,0.3704476479514417,0.09282609785262666,1.0,1.0,1.0,1.0,0.9071739021473728,0.7575884702076652,1.0,0.5927416932043502,0.29636381876865914,0.13481019350745477,0.2545956785875784,0.30821028523503463,1.0,1.0,1.0,0.2857734234855804,0.022745735174654756,0.17525171457755725,0.36247141022025875,0.3141383381181079,0.7596253902185223,0.7630392788151963,0.7589098532494759,0.7726293103448276,0.0010988375455439246,0.47453862565118676,0.3983103879849814,0.4373335858236874,0.45704730346732264,0.0869760101514415,0.5774860813584974,0.4467114250857122,0.3705400831983051,0.015309952635136292,0.2630662812543723,0.5000000000000001,0.46824403049859875,0.5417570826722039,0.7994210309652138,0.7871744199037704,0.8131435217275651
9/28/2012,0.8053230306932817,0.15963471973419968,0.9757672477528775,0.4696777931959927,0.1895030367852094,0.1895030367852094,0.47559411918485234,0.0,0.46822079485782564,0.3704476479514417,0.09282609785262666,1.0,1.0,1.0,1.0,0.9071739021473728,0.8008448624905425,1.0,0.5927416932043502,0.3174834899867504,0.13481019350745477,0.23603601832373244,0.28766239526463067,1.0,1.0,1.0,0.2857734234855804,0.017871649065800167,0.17525171457755725,0.38819437917097466,0.3361281782976934,0.777315296566077,0.8053230306932817,0.7945492662473794,0.7890086206896552,0.05020916469068687,0.9289521687926592,0.5059449311639551,0.7452222124282138,0.6997159727669058,0.41790181275994603,0.460893822986938,0.49256503629668885,0.5386596038146888,0.03961244896759894,0.3449249371445481,0.5000000000000001,0.5142423421495574,0.5701717076593572,0.8007239945464374,0.7931306056737615,0.8095088314043453
10/31/2012,0.8241038849538526,0.2715561550906749,0.9757672477528775,0.4831729669558853,0.1895030367852094,0.1895030367852094,0.47559411918485234,0.0,0.46822079485782564,0.3704476479514417,0.09282609785262666,1.0,1.0,1.0,1.0,0.9071739021473728,0.8200028340866093,1.0,0.5927416932043502,0.32683772274247835,0.13481019350745477,0.22830938009948293,0.2791061506576454,1.0,1.0,1.0,0.2857734234855804,0.015434606011372873,0.17525171457755725,0.3995676285365166,0.345896720417125,0.7670135275754423,0.8241038849538526,0.820754716981132,0.7942887931034484,0.007571376245831165,0.5384463487521907,0.44555694618272834,0.43062549943198375,0.3707866686203044,0.1283437695980241,0.46935301047920436,0.5541630222213729,0.5126475335307511,0.0021057161743131838,0.3043399302428776,0.7000000000000001,0.4487360051480799,0.5954791324750659,0.8576389544567025,0.846756424603516,0.8697006234503537
11/30/2012,0.9640480789869071,0.4042893267808579,0.9757672477528775,0.5839674285975696,0.1895030367852094,0.1895030367852094,0.47559411918485234,0.0,0.46822079485782564,0.3704476479514417,0.09282609785262666,1.0,1.0,1.0,1.0,0.9071739021473728,0.9631661249192437,1.0,0.5927416932043502,0.3967419318012779,0.13481019350745477,0.17845978412598548,0.22390587324500213,1.0,1.0,1.0,0.2857734234855804,0.002437043054427294,0.17525171457755725,0.48472600808346644,0.41867671916503446,1.0,0.9640480789869071,1.0,0.9397629310344828,0.12279509571453358,0.7689038709262198,0.7534418022528161,0.8194857678034665,0.8610996035537819,0.3740749243881842,0.2206223657980132,0.5738631079277834,0.6271027490515905,0.024717673600502567,0.12661665147123163,0.6000000000000001,0.5164043469891902,0.682534702672671,0.9014241958448688,0.9139668160597227,0.8884915064354602
12/31/2012,1.0,0.24243761629848753,0.9757672477528775,0.6099056100276004,0.1895030367852094,0.1895030367852094,0.47559411918485234,0.0,0.46822079485782564,0.3704476479514417,0.09282609785262666,1.0,1.0,1.0,1.0,0.9071739021473728,1.0,1.0,0.5927416932043502,0.41472738154130356,0.13481019350745477,0.16751862847256355,0.21179326306621615,1.0,1.0,1.0,0.2857734234855804,0.0,0.17525171457755725,0.5066265626468653,0.437373114038618,0.9753381893860561,1.0,0.990566037735849,1.0,0.0360206658569969,0.7810439426969039,0.605131414267835,0.6504865989438808,0.7134741529940977,0.17003871989965108,0.18877346381872978,0.6216206444386788,0.7047933952561957,0.015552793907432477,0.16200876642674258,0.8,0.4613430718030867,0.6641811268858889,1.0,1.0,1.0
